EventID,Reference,,,,
1,Genesis 1:1-2:3,,,,
2,Genesis 1:3,,,,
3,Genesis 1:6-8,,,,
4,Genesis 1:9-10,,,,
5,Genesis 1:11-13,,,,
6,Genesis 1:14-19,,,,
7,"Genesis 1:20-23, 2:19",,,,
8,"Genesis 1:24-25, 2:19",,,,
9,Genesis 1:26-27,,,,
10,Genesis 1:28-30,,,,
11,Genesis 2:7,,,,
12,Genesis 2:16-17,,,,
13,Genesis 2:21-22,,,,
14,Genesis 3:9,,,,
15,Genesis 3:11-13,,,,
16,Genesis 3:14-15,,,,
17,Genesis 3:16,,,,
18,Genesis 3:17-19,,,,
19,Genesis 3:21,,,,
20,Genesis 3:22,,,,
21,Genesis 3:23,,,,
22,Genesis 3:24,,,,
23,Genesis 4:6-7,,,,
24,Genesis 4:9-10,,,,
25,Genesis 4:11-12,,,,
26,Genesis 4:15,,,,
27,Genesis 5:24,,,,
28,Genesis 6:13-21,,,,
29,Genesis 7:1-4,,,,
30,Genesis 7:16,,,,
31,Genesis 6:17-8:22,,,,
32,Genesis 8:1,,,,
33,Genesis 8:15-17,,,,
34,Genesis 9:1-7,,,,
35,Genesis 9:8-17,,,,
36,Genesis 11:1-9,,,,
37,Genesis 12:1-3,,,,
38,Genesis 12:7,,,,
39,Genesis 12:17,,,,
40,Genesis 13:14,,,,
41,Genesis 15:1-5,,,,
42,Genesis 15:9-21,,,,
43,Genesis 16:7-14,,,,
44,Genesis 17:1,,,,
45,Genesis 17:2-16,,,,
46,Genesis 17:5,,,,
47,Genesis 17:15,,,,
48,Genesis 17:15-19,,,,
49,Genesis 17:19,,,,
50,Genesis 17:20,,,,
51,Genesis 17:21,,,,
52,Genesis 18:1-2,,,,
53,Genesis 18:10-14,,,,
54,Genesis 18:17-21,,,,
55,Genesis 19:10,,,,
56,Genesis 19:11,,,,
57,Genesis 19:12-16,,,,
58,Genesis 19:24-25,,,,
59,Genesis 19:26,,,,
60,Genesis 20:3-7,,,,
61,Genesis 20:17-18,,,,
62,Genesis 20:17,,,,
63,Genesis 21:1-2,,,,
64,Genesis 21:12-13,,,,
65,Genesis 21:17-18,,,,
66,Genesis 21:19,,,,
67,Genesis 22:1-2,,,,
68,Genesis 22:11-12,,,,
69,Genesis 22:13,,,,
70,Genesis 22:15-18,,,,
71,Genesis 24:15-27,,,,
72,Genesis 25:21,,,,
73,Genesis 25:23-24,,,,
74,Genesis 26:1-6,,,,
75,Genesis 26:24-25,,,,
76,Genesis 28:12-15,,,,
77,Genesis 29:31-32,,,,
78,Genesis 29:33,,,,
79,Genesis 29:34,,,,
80,Genesis 29:35,,,,
81,Genesis 29:35,,,,
82,Genesis 30:17-18,,,,
83,Genesis 30:19-20,,,,
84,Genesis 30:22-24,,,,
85,Genesis 31:10-12,,,,
86,Genesis 31:13,,,,
87,Genesis 31:24,,,,
88,Genesis 32:1-2,,,,
89,Genesis 32:24-30,,,,
90,"Genesis 32:28, 35:10",,,,
91,Genesis 35:1,,,,
92,Genesis 35:9-13,,,,
93,Genesis 35:10-13,,,,
94,Genesis 37:5-11,,,,
95,Genesis 38:7,,,,
96,Genesis 38:10,,,,
97,"Genesis 40:5-11, 40:16-17",,,,
98,"Genesis 40:8, 40:12-13, 40:18-19",,,,
99,Genesis 41:1-7,,,,
100,Genesis 41:14-32,,,,
101,Genesis 41:47-49,,,,
102,Genesis 41:53-57,,,,
103,Genesis 46:2-4,,,,
104,Genesis 49:1-27,,,,
105,Exodus 1:20-21,,,,
106,Exodus 2:24-25,,,,
107,Exodus 3:2-3,,,,
108,Exodus 3:4-4:17,,,,
109,Exodus 4:2-3,,,,
110,Exodus 4:4,,,,
111,Exodus 4:6,,,,
112,Exodus 4:7,,,,
113,Exodus 4:9,,,,
114,Exodus 4:12-15,,,,
115,Exodus 4:14-16,,,,
116,Exodus 4:19,,,,
117,Exodus 4:24-26,,,,
118,Exodus 4:27,,,,
119,Exodus 4:28,,,,
120,Exodus 4:29-30,,,,
121,"Exodus 4:21, 7:3, 7:13, 8:15, 8:19, 8:32, 9:7, 9:12, 9:34-35, 10:1, 10:20, 10:27, 11:10, 14:4, 14:8",,,,
122,Exodus 6:1-8,,,,
123,Exodus 6:10-13,,,,
124,Exodus 7:1-5,,,,
125,Exodus 7:8-9,,,,
126,Exodus 7:10-12,,,,
127,Exodus 7:14-18,,,,
128,Exodus 7:19,,,,
129,Exodus 7:20-25,,,,
130,Exodus 8:1-4,,,,
131,Exodus 8:5,,,,
132,Exodus 8:6-7,,,,
133,Exodus 8:8-13,,,,
134,Exodus 8:16,,,,
135,Exodus 8:17-18,,,,
136,Exodus 8:20-23,,,,
137,Exodus 8:24,,,,
138,Exodus 8:29-31,,,,
139,Exodus 9:1-5,,,,
140,Exodus 9:6,,,,
141,Exodus 9:8-9,,,,
142,Exodus 9:10-11,,,,
143,Exodus 9:13-19,,,,
144,Exodus 9:22,,,,
145,Exodus 9:23-26,,,,
146,Exodus 9:29-33,,,,
147,Exodus 10:1-11,,,,
148,Exodus 10:12,,,,
149,Exodus 10:13-15,,,,
150,Exodus 10:18-19,,,,
151,Exodus 10:21,,,,
152,Exodus 10:22-23,,,,
153,Exodus 11:1-7,,,,
154,"Exodus 12:1-27, 12:43-49",,,,
155,Exodus 12:29-30,,,,
156,Exodus 12:35-36,,,,
157,Exodus 12:51,,,,
158,Exodus 13:1-2,,,,
159,Exodus 13:17-18,,,,
160,Exodus 13:21-22,,,,
161,Exodus 14:1-4,,,,
162,Exodus 14:15-18,,,,
163,Exodus 14:19-20,,,,
164,Exodus 14:21-22,,,,
165,Exodus 14:24-25,,,,
166,Exodus 14:26,,,,
167,Exodus 14:28,,,,
168,Exodus 15:23-25,,,,
169,Exodus 15:25-26,,,,
170,Exodus 16:4-5,,,,
171,Exodus 16:10,,,,
172,Exodus 16:11-12,,,,
173,Exodus 16:13-14,,,,
174,Exodus 16:23-30,,,,
175,Exodus 16:32-34,,,,
176,Exodus 17:5-6,,,,
177,Exodus 17:6,,,,
178,Exodus 17:8-13,,,,
179,Exodus 17:14,,,,
180,Exodus 19:3-6,,,,
181,Exodus 19:9-13,,,,
182,Exodus 19:16-25,,,,
183,Exodus 20:1-17,,,,
184,Exodus 20:22-26,,,,
185,Exodus 21:1-23:19,,,,
186,Exodus 23:20-33,,,,
187,Exodus 24:9-11,,,,
188,Exodus 24:12-18,,,,
189,Exodus 25:1-31:18,,,,
190,"Exodus 31:18, 32:15-16",,,,
191,Exodus 32:7-10,,,,
192,Exodus 32:11-14,,,,
193,Exodus 32:33-34,,,,
194,Exodus 32:35,,,,
195,Exodus 33:1-6,,,,
196,Exodus 33:9-11,,,,
197,Exodus 33:12-23,,,,
198,Exodus 34:1-4,,,,
199,Exodus 33:21-34:5,,,,
200,Exodus 34:5-7,,,,
201,Exodus 34:10-28,,,,
202,Exodus 34:29-35,,,,
203,Exodus 35:30-35,,,,
204,Exodus 40:1-15,,,,
205,Exodus 40:34-38,,,,
206,Exodus 40:36-38,,,,
207,Leviticus 1:1-17,,,,
208,Leviticus 2:1-16,,,,
209,Leviticus 3:1-17,,,,
210,Leviticus 4:1-5:13,,,,
211,Leviticus 5:14-6:7,,,,
212,Leviticus 6:8-7:38,,,,
213,Leviticus 8:1-5,,,,
214,Leviticus 9:24,,,,
215,Leviticus 10:1-2,,,,
216,Leviticus 10:3,,,,
217,Leviticus 10:8-11,,,,
218,Leviticus 11:1-47,,,,
219,Leviticus 12:1-8,,,,
220,Leviticus 13:1-59,,,,
221,Leviticus 14:1-57,,,,
222,Leviticus 15:1-33,,,,
223,Leviticus 16:1-34,,,,
224,Leviticus 17:1-16,,,,
225,Leviticus 18:1-30,,,,
226,Leviticus 19:1-37,,,,
227,Leviticus 20:1-27,,,,
228,Leviticus 21:1-24,,,,
229,Leviticus 22:1-33,,,,
230,Leviticus 23:1-44,,,,
231,Leviticus 24:1-4,,,,
232,Leviticus 24:5-9,,,,
233,Leviticus 24:13-16,,,,
234,Leviticus 24:17-22,,,,
235,Leviticus 25:1-55,,,,
236,Leviticus 26:1-10,,,,
237,Leviticus 26:11-12,,,,
238,Leviticus 26:14-39,,,,
239,Leviticus 26:40-46,,,,
240,Leviticus 27:1-34,,,,
241,Numbers 1:1-54,,,,
242,Numbers 2:1-34,,,,
243,Numbers 3:5-51,,,,
244,Numbers 4:1-49,,,,
245,Numbers 5:1-4,,,,
246,Numbers 5:5-10,,,,
247,Numbers 5:11-31,,,,
248,Numbers 6:1-21,,,,
249,Numbers 6:22-27,,,,
250,Numbers 7:1-89,,,,
251,Numbers 7:89,,,,
252,Numbers 8:1-4,,,,
253,Numbers 8:5-26,,,,
254,Numbers 9:1-14,,,,
255,Numbers 9:15-23,,,,
256,Numbers 10:1-10,,,,
257,Numbers 10:11-28,,,,
258,"Numbers 11:1-3, 11:10",,,,
259,Numbers 11:2,,,,
260,Numbers 11:16-25,,,,
261,Numbers 11:25,,,,
262,Numbers 11:26-29,,,,
263,Numbers 11:31,,,,
264,Numbers 11:33-34,,,,
265,Numbers 12:4,,,,
266,Numbers 12:5,,,,
267,Numbers 12:6-9,,,,
268,Numbers 12:10,,,,
269,Numbers 12:13,,,,
270,Numbers 12:14-15,,,,
271,Numbers 13:1-3,,,,
272,Numbers 14:10,,,,
273,Numbers 14:11-12,,,,
274,Numbers 14:20-35,,,,
275,Numbers 14:36-37,,,,
276,Numbers 14:39-45,,,,
277,Numbers 15:1-31,,,,
278,Numbers 15:32-36,,,,
279,Numbers 15:37-41,,,,
280,Numbers 16:20-21,,,,
281,Numbers 16:31-33,,,,
282,Numbers 16:31-33,,,,
283,Numbers 16:35,,,,
284,Numbers 16:36-40,,,,
285,Numbers 16:42,,,,
286,Numbers 16:44-45,,,,
287,Numbers 16:46-47,,,,
288,Numbers 16:47-48,,,,
289,Numbers 16:49,,,,
290,Numbers 17:1-9,,,,
291,Numbers 17:8,,,,
292,Numbers 17:10,,,,
293,Numbers 18:1-32,,,,
294,Numbers 19:1-22,,,,
295,Numbers 20:7-8,,,,
296,Numbers 20:11,,,,
297,Numbers 20:12,,,,
298,Numbers 20:22-26,,,,
299,Numbers 21:3,,,,
300,Numbers 21:6,,,,
301,Numbers 21:8,,,,
302,Numbers 21:9,,,,
303,Numbers 21:21-32,,,,
304,Numbers 21:33-35,,,,
305,Numbers 22:9-12,,,,
306,Numbers 22:20,,,,
307,Numbers 22:22,,,,
308,Numbers 22:21-30,,,,
309,Numbers 22:31,,,,
310,Numbers 22:32-35,,,,
311,"Numbers 23:4, 23:16",,,,
312,"Numbers 23:5, 23:16",,,,
313,"Numbers 23:7-10, 18-24; 24:3-9, 24:15-24",,,,
314,Numbers 24:2,,,,
315,Numbers 25:3-4,,,,
316,Numbers 25:8-9,,,,
317,Numbers 25:8,,,,
318,Numbers 25:9,,,,
319,Numbers 25:10-13,,,,
320,Numbers 25:17-18,,,,
321,Numbers 26:1-65,,,,
322,Numbers 27:6-11,,,,
323,Numbers 27:12-14,,,,
324,Numbers 27:18-23,,,,
325,Numbers 28:1-30:16,,,,
326,Numbers 31:1-2,,,,
327,Numbers 31:7-11,,,,
328,Numbers 31:25-54,,,,
329,Numbers 33:1-49,,,,
330,Numbers 33:50-56,,,,
331,Numbers 34:1-29,,,,
332,Numbers 35:1-8,,,,
333,Numbers 35:9-34,,,,
334,Numbers 36:1-13,,,,
335,Deuteronomy 1:6-8,,,,
336,Deuteronomy 1:8,,,,
337,Deuteronomy 1:9-18,,,,
338,Deuteronomy 1:19-25,,,,
339,Deuteronomy 1:29-33,,,,
340,Deuteronomy 1:34-45,,,,
341,Deuteronomy 2:5,,,,
342,Deuteronomy 2:9-19,,,,
343,Deuteronomy 2:19-21,,,,
344,Deuteronomy 2:24-25,,,,
345,Deuteronomy 2:30-36,,,,
346,Deuteronomy 2:30,,,,
347,Deuteronomy 3:1-11,,,,
348,Deuteronomy 3:21-22,,,,
349,Deuteronomy 3:23-27,,,,
350,Deuteronomy 4:3,,,,
351,"Deuteronomy 4:12, 15, 33, 36",,,,
352,Deuteronomy 4:25-28,,,,
353,Deuteronomy 4:29-31,,,,
354,Deuteronomy 4:37,,,,
355,Deuteronomy 5:4-21,,,,
356,"Deuteronomy 5:4, 22, 24, 26",,,,
357,Deuteronomy 5:22,,,,
358,Deuteronomy 6:4-9,,,,
359,Deuteronomy 6:10-15,,,,
360,Deuteronomy 6:16-21,,,,
361,Deuteronomy 7:1-5,,,,
362,Deuteronomy 7:6-8,,,,
363,Deuteronomy 7:12-16,,,,
364,Deuteronomy 7:20,,,,
365,Deuteronomy 8:2-4,,,,
366,Deuteronomy 8:7-10,,,,
367,Deuteronomy 8:11-20,,,,
368,Deuteronomy 9:3-5,,,,
369,Deuteronomy 9:7-21,,,,
370,Deuteronomy 10:1-5,,,,
371,Deuteronomy 10:8,,,,
372,Deuteronomy 10:12-13,,,,
373,Deuteronomy 11:14-15,,,,
374,Deuteronomy 11:16-17,,,,
375,Deuteronomy 11:22-25,,,,
376,Deuteronomy 11:26-28,,,,
377,Deuteronomy 12:5-14,,,,
378,Deuteronomy 12:15-28,,,,
379,Deuteronomy 13:1-18,,,,
380,Deuteronomy 14:1-2,,,,
381,Deuteronomy 14:3-21,,,,
382,Deuteronomy 14:22-29,,,,
383,Deuteronomy 15:1-18,,,,
384,Deuteronomy 15:19-23,,,,
385,Deuteronomy 16:1-17,,,,
386,Deuteronomy 16:18-20,,,,
387,Deuteronomy 16:21-22,,,,
388,Deuteronomy 17:1-13,,,,
389,Deuteronomy 17:14-20,,,,
390,Deuteronomy 18:1-8,,,,
391,"Deuteronomy 18:9-14, 20-22",,,,
392,Deuteronomy 18:15-19,,,,
393,Deuteronomy 19:1-13,,,,
394,Deuteronomy 19:15-21,,,,
395,Deuteronomy 20:1-20,,,,
396,Deuteronomy 20:4,,,,
397,Deuteronomy 21:1-25:19,,,,
398,Deuteronomy 26:1-11,,,,
399,Deuteronomy 26:12-15,,,,
400,Deuteronomy 26:16-19,,,,
401,Deuteronomy 27:1-8,,,,
402,Deuteronomy 27:15-26,,,,
403,Deuteronomy 28:1-14,,,,
404,Deuteronomy 28:15-68,,,,
405,Deuteronomy 29:5,,,,
406,Deuteronomy 29:10-29,,,,
407,Deuteronomy 30:1-10,,,,
408,Deuteronomy 30:11-20,,,,
409,"Deuteronomy 31:2, 14",,,,
410,Deuteronomy 31:15,,,,
411,Deuteronomy 31:16-18,,,,
412,Deuteronomy 31:19-22,,,,
413,Deuteronomy 31:23,,,,
414,Deuteronomy 32:1-43,,,,
415,Deuteronomy 32:48-52,,,,
416,Deuteronomy 33:1-29,,,,
417,Deuteronomy 34:1-4,,,,
418,Deuteronomy 34:5-6,,,,
419,Deuteronomy 34:7,,,,
420,Joshua 1:1-9,,,,
421,"Joshua 1:5, 9",,,,
422,"Joshua 1:6-7, 9",,,,
423,Joshua 1:7-8,,,,
424,Joshua 2:1-7,,,,
425,Joshua 2:8-21,,,,
426,Joshua 2:15-24,,,,
427,Joshua 3:1-4,,,,
428,Joshua 3:7,,,,
429,Joshua 3:8,,,,
430,Joshua 3:15-17,,,,
431,Joshua 3:17,,,,
432,Joshua 4:1-9,,,,
433,Joshua 4:18,,,,
434,Joshua 4:14,,,,
435,Joshua 5:2-3,,,,
436,Joshua 5:9,,,,
437,Joshua 5:12,,,,
438,Joshua 5:13-15,,,,
439,Joshua 5:14-15,,,,
440,Joshua 6:2-5,,,,
441,Joshua 6:20,,,,
442,"Joshua 6:17, 23, 25",,,,
443,Joshua 6:26,,,,
444,Joshua 7:1,,,,
445,Joshua 7:4-5,,,,
446,Joshua 7:6-9,,,,
447,Joshua 7:10-15,,,,
448,Joshua 7:16-18,,,,
449,Joshua 7:19-21,,,,
450,Joshua 7:24-26,,,,
451,Joshua 8:1,,,,
452,Joshua 8:1-2,,,,
453,"Joshua 8:7, 18",,,,
454,"Joshua 8:18, 26",,,,
455,Joshua 8:24-29,,,,
456,Joshua 8:30-32,,,,
457,Joshua 9:3-15,,,,
458,Joshua 9:14-15,,,,
459,Joshua 10:12-14,,,,
460,Joshua 10:14,,,,
461,Joshua 10:11,,,,
462,Joshua 10:11,,,,
463,Joshua 10:16-17,,,,
464,Joshua 10:18,,,,
465,"Joshua 10:19, 24-25",,,,
466,Joshua 10:28-43,,,,
467,Joshua 11:1-5,,,,
468,Joshua 11:6,,,,
469,Joshua 11:6,,,,
470,Joshua 11:7-8,,,,
471,Joshua 11:9-13,,,,
472,Joshua 11:20,,,,
473,Joshua 11:23,,,,
474,Joshua 13:1-7,,,,
475,Joshua 13:1,,,,
476,Joshua 14:6-15,,,,
477,Joshua 14:10-11,,,,
478,Joshua 14:15,,,,
479,Joshua 20:1-9,,,,
480,Joshua 21:1-45,,,,
481,Joshua 21:43,,,,
482,Joshua 21:44,,,,
483,Joshua 21:45,,,,
484,Joshua 22:10-11,,,,
485,Joshua 22:12-20,,,,
486,Joshua 22:21-29,,,,
487,Joshua 22:30-34,,,,
488,Joshua 23:1-2,,,,
489,Joshua 23:3-5,,,,
490,Joshua 23:11-16,,,,
491,Joshua 24:14-15,,,,
492,Joshua 24:12,,,,
493,Joshua 24:25-28,,,,
494,Judges 1:2,,,,
495,Judges 2:1,,,,
496,Judges 2:1-3,,,,
497,Judges 2:13-15,,,,
498,Judges 2:16,,,,
499,Judges 2:18,,,,
500,Judges 2:20-22,,,,
501,Judges 2:23-3:4,,,,
502,Judges 3:8,,,,
503,Judges 3:9,,,,
504,Judges 3:10,,,,
505,Judges 3:10,,,,
506,Judges 3:10,,,,
507,Judges 3:11,,,,
508,Judges 3:12,,,,
509,Judges 3:15,,,,
510,Judges 3:15-30,,,,
511,Judges 3:28-29,,,,
512,Judges 3:30,,,,
513,Judges 3:31,,,,
514,Judges 4:1-2,,,,
515,Judges 4:4,,,,
516,Judges 4:6,,,,
517,Judges 4:7,,,,
518,Judges 4:15,,,,
519,Judges 4:16,,,,
520,Judges 4:17-22,,,,
521,Judges 4:23-24,,,,
522,Judges 5:20,,,,
523,Judges 5:21,,,,
524,Judges 5:23,,,,
525,Judges 5:31,,,,
526,Judges 6:1,,,,
527,Judges 6:2-6,,,,
528,Judges 6:8-10,,,,
529,Judges 6:8-9,,,,
530,Judges 6:11-12,,,,
531,Judges 6:12,,,,
532,Judges 6:12,,,,
533,Judges 6:14,,,,
534,Judges 6:16,,,,
535,Judges 6:18,,,,
536,Judges 6:20,,,,
537,Judges 6:21,,,,
538,Judges 6:21,,,,
539,Judges 6:23,,,,
540,Judges 6:25-26,,,,
541,Judges 6:34,,,,
542,Judges 6:34-35,,,,
543,Judges 6:38,,,,
544,Judges 6:40,,,,
545,Judges 7:2-3,,,,
546,Judges 7:3,,,,
547,Judges 7:4-7,,,,
548,Judges 7:7,,,,
549,Judges 7:7,,,,
550,Judges 7:9,,,,
551,Judges 7:10-15,,,,
552,Judges 7:13-14,,,,
553,Judges 7:22,,,,
554,Judges 7:25,,,,
555,Judges 8:28,,,,
556,Judges 9:20,,,,
557,Judges 9:23-24,,,,
558,Judges 9:56-57,,,,
559,Judges 10:1,,,,
560,Judges 10:3,,,,
561,Judges 10:7,,,,
562,Judges 10:8,,,,
563,Judges 10:11-14,,,,
564,Judges 10:16,,,,
565,Judges 11:29,,,,
566,Judges 11:32-33,,,,
567,Judges 13:1,,,,
568,Judges 13:3,,,,
569,Judges 13:3-5,,,,
570,Judges 13:4-5,,,,
571,Judges 13:5,,,,
572,Judges 13:9,,,,
573,Judges 13:13-14,,,,
574,Judges 13:18,,,,
575,Judges 13:20,,,,
576,Judges 13:24,,,,
577,Judges 13:24,,,,
578,Judges 13:25,,,,
579,Judges 14:1-4,,,,
580,Judges 14:6,,,,
581,Judges 14:6,,,,
582,Judges 14:8-9,,,,
583,Judges 14:19,,,,
584,Judges 14:19,,,,
585,Judges 15:14,,,,
586,Judges 15:14,,,,
587,Judges 15:15-16,,,,
588,Judges 15:18-19,,,,
589,Judges 16:3,,,,
590,Judges 16:19-20,,,,
591,Judges 16:22,,,,
592,Judges 16:28-30,,,,
593,Judges 16:30,,,,
594,Judges 20:18,,,,
595,Judges 20:21,,,,
596,Judges 20:23,,,,
597,"Judges 20:21, 25",,,,
598,Judges 20:28,,,,
599,Judges 20:35,,,,
600,Ruth 1:1,,,,
601,Ruth 1:3-5,,,,
602,Ruth 1:6,,,,
603,Ruth 1:6,,,,
604,Ruth 1:22,,,,
605,Ruth 2:3,,,,
606,Ruth 2:15-16,,,,
607,Ruth 2:17-18,,,,
608,Ruth 2:20,,,,
609,Ruth 3:2,,,,
610,Ruth 3:13-15,,,,
611,Ruth 4:9-10,,,,
612,Ruth 4:13,,,,
613,Ruth 4:13,,,,
614,Ruth 4:14,,,,
615,Ruth 4:15,,,,
616,Ruth 4:17-22,,,,
617,1 Samuel 1:4-5,,,,
618,"1 Samuel 1:10-11, 17-20",,,,
619,1 Samuel 1:20-21,,,,
620,"1 Samuel 2:21, 26",,,,
621,1 Samuel 2:27-36,,,,
622,1 Samuel 3:4-10,,,,
623,1 Samuel 3:11-14,,,,
624,1 Samuel 3:19-21,,,,
625,1 Samuel 3:21,,,,
626,1 Samuel 4:10-11,,,,
627,1 Samuel 4:17-18,,,,
628,1 Samuel 4:18,,,,
629,1 Samuel 4:19-22,,,,
630,1 Samuel 5:2-4,,,,
631,1 Samuel 5:6-7,,,,
632,1 Samuel 5:8-9,,,,
633,1 Samuel 5:10-12,,,,
634,1 Samuel 6:19,,,,
635,1 Samuel 7:1-2,,,,
636,1 Samuel 7:3-4,,,,
637,1 Samuel 7:10,,,,
638,1 Samuel 7:10-11,,,,
639,1 Samuel 7:13-14,,,,
640,1 Samuel 8:7-9,,,,
641,1 Samuel 8:10-18,,,,
642,1 Samuel 8:22,,,,
643,1 Samuel 9:15-16,,,,
644,1 Samuel 9:17,,,,
645,1 Samuel 10:1,,,,
646,1 Samuel 10:2-9,,,,
647,1 Samuel 10:9,,,,
648,1 Samuel 10:9-10,,,,
649,1 Samuel 10:10-13,,,,
650,1 Samuel 10:18-19,,,,
651,1 Samuel 10:20-21,,,,
652,1 Samuel 10:22,,,,
653,1 Samuel 11:6,,,,
654,1 Samuel 12:5-6,,,,
655,1 Samuel 12:17-18,,,,
656,1 Samuel 13:13-14,,,,
657,1 Samuel 14:41-42,,,,
658,1 Samuel 15:2-3,,,,
659,1 Samuel 15:10-11,,,,
660,1 Samuel 15:17-19,,,,
661,1 Samuel 15:22-23,,,,
662,1 Samuel 15:28-29,,,,
663,1 Samuel 15:35,,,,
664,1 Samuel 16:1-3,,,,
665,1 Samuel 16:6-10,,,,
666,1 Samuel 16:11-12,,,,
667,1 Samuel 16:13,,,,
668,1 Samuel 16:14,,,,
669,1 Samuel 16:23,,,,
670,1 Samuel 17:45-51,,,,
671,"1 Samuel 18:12, 14, 28",,,,
672,1 Samuel 18:10,,,,
673,1 Samuel 18:10-11,,,,
674,1 Samuel 18:14,,,,
675,1 Samuel 19:9-10,,,,
676,1 Samuel 19:10,,,,
677,1 Samuel 19:20-24,,,,
678,1 Samuel 23:2-4,,,,
679,1 Samuel 23:10-12,,,,
680,1 Samuel 23:14,,,,
681,1 Samuel 23:25-28,,,,
682,1 Samuel 24:1-7,,,,
683,1 Samuel 24:16-20,,,,
684,1 Samuel 25:38,,,,
685,1 Samuel 25:39-42,,,,
686,1 Samuel 26:7-12,,,,
687,1 Samuel 26:12,,,,
688,1 Samuel 28:11-19,,,,
689,1 Samuel 28:19,,,,
690,1 Samuel 30:7-8,,,,
691,1 Samuel 30:17-20,,,,
692,1 Samuel 31:1-7,,,,
693,2 Samuel 2:1,,,,
694,2 Samuel 2:4,,,,
695,2 Samuel 2:4-7,,,,
696,2 Samuel 3:1,,,,
697,2 Samuel 3:1,,,,
698,2 Samuel 3:27-30,,,,
699,2 Samuel 3:28-29,,,,
700,2 Samuel 4:5-8,,,,
701,2 Samuel 4:9-12,,,,
702,2 Samuel 5:1-3,,,,
703,2 Samuel 5:6-8,,,,
704,2 Samuel 5:10,,,,
705,2 Samuel 5:11,,,,
706,2 Samuel 5:12,,,,
707,2 Samuel 5:13-16,,,,
708,2 Samuel 5:19,,,,
709,2 Samuel 5:19,,,,
710,2 Samuel 5:20,,,,
711,2 Samuel 5:23,,,,
712,2 Samuel 5:23-24,,,,
713,2 Samuel 5:24,,,,
714,2 Samuel 5:24-25,,,,
715,2 Samuel 6:1-2,,,,
716,2 Samuel 6:6-7,,,,
717,2 Samuel 6:8-9,,,,
718,2 Samuel 6:11,,,,
719,2 Samuel 6:12-15,,,,
720,"2 Samuel 6:16, 20-23",,,,
721,2 Samuel 7:1-3,,,,
722,2 Samuel 7:3,,,,
723,2 Samuel 7:4-17,,,,
724,2 Samuel 7:8-16,,,,
725,2 Samuel 7:12-13,,,,
726,"2 Samuel 7:13, 16",,,,
727,2 Samuel 7:17,,,,
728,2 Samuel 7:18-29,,,,
729,2 Samuel 8:1-14,,,,
730,"2 Samuel 8:6, 14",,,,
731,2 Samuel 9:1-13,,,,
732,2 Samuel 10:9-19,,,,
733,2 Samuel 11:2-4,,,,
734,2 Samuel 11:5,,,,
735,2 Samuel 11:14-17,,,,
736,2 Samuel 11:27,,,,
737,2 Samuel 12:1,,,,
738,2 Samuel 12:1-4,,,,
739,2 Samuel 12:7-12,,,,
740,2 Samuel 12:10-12,,,,
741,2 Samuel 12:13,,,,
742,2 Samuel 12:13-14,,,,
743,2 Samuel 12:15,,,,
744,2 Samuel 12:16-17,,,,
745,2 Samuel 12:18,,,,
746,2 Samuel 12:20,,,,
747,2 Samuel 12:24,,,,
748,2 Samuel 12:24-25,,,,
749,2 Samuel 12:26-31,,,,
750,2 Samuel 13:1-14,,,,
751,2 Samuel 13:28-29,,,,
752,2 Samuel 14:1-20,,,,
753,2 Samuel 14:21-24,,,,
754,2 Samuel 15:10-12,,,,
755,2 Samuel 15:13-17,,,,
756,2 Samuel 15:18-22,,,,
757,2 Samuel 15:30,,,,
758,2 Samuel 15:31,,,,
759,2 Samuel 15:32-37,,,,
760,2 Samuel 16:5-8,,,,
761,2 Samuel 16:10-12,,,,
762,2 Samuel 17:14,,,,
763,2 Samuel 17:14,,,,
764,2 Samuel 17:23,,,,
765,2 Samuel 17:22-29,,,,
766,2 Samuel 18:6-8,,,,
767,2 Samuel 18:8,,,,
768,2 Samuel 18:9,,,,
769,2 Samuel 18:14-15,,,,
770,2 Samuel 18:33-19:4,,,,
771,2 Samuel 19:9-15,,,,
772,2 Samuel 20:1-2,,,,
773,2 Samuel 20:4-22,,,,
774,2 Samuel 21:1,,,,
775,2 Samuel 21:1,,,,
776,2 Samuel 21:1,,,,
777,2 Samuel 21:6-9,,,,
778,2 Samuel 21:14,,,,
779,2 Samuel 21:15-22,,,,
780,2 Samuel 21:16-17,,,,
781,2 Samuel 21:18-22,,,,
782,2 Samuel 22:1-51,,,,
783,2 Samuel 22:2-3,,,,
784,"2 Samuel 22:1, 4, 49",,,,
785,2 Samuel 23:1-7,,,,
786,2 Samuel 23:2,,,,
787,2 Samuel 24:1,,,,
788,2 Samuel 24:1,,,,
789,2 Samuel 24:2-4,,,,
790,2 Samuel 24:10,,,,
791,2 Samuel 24:10,,,,
792,2 Samuel 24:11-13,,,,
793,2 Samuel 24:14,,,,
794,2 Samuel 24:15,,,,
795,2 Samuel 24:16,,,,
796,2 Samuel 24:17,,,,
797,2 Samuel 24:17,,,,
798,2 Samuel 24:18,,,,
799,2 Samuel 24:25,,,,
800,2 Samuel 24:25,,,,
801,1 Kings 2:1-4,,,,
802,1 Kings 2:4,,,,
803,1 Kings 2:13-25,,,,
804,1 Kings 2:26-27,,,,
805,1 Kings 2:27,,,,
806,1 Kings 2:28-34,,,,
807,1 Kings 3:5,,,,
808,1 Kings 3:6-9,,,,
809,1 Kings 3:10-14,,,,
810,1 Kings 3:14,,,,
811,1 Kings 3:16-28,,,,
812,1 Kings 3:28,,,,
813,1 Kings 4:29-34,,,,
814,1 Kings 4:30-31,,,,
815,1 Kings 4:32,,,,
816,1 Kings 4:32,,,,
817,1 Kings 4:34,,,,
818,1 Kings 4:24,,,,
819,1 Kings 5:7,,,,
820,1 Kings 6:9-38,,,,
821,1 Kings 6:11-13,,,,
822,1 Kings 6:13,,,,
823,1 Kings 6:38,,,,
824,1 Kings 8:10-11,,,,
825,1 Kings 8:10-11,,,,
826,1 Kings 8:11,,,,
827,1 Kings 8:22-53,,,,
828,"1 Kings 8:30, 32, 34, 36, 39, 43, 45, 49",,,,
829,1 Kings 8:54-64,,,,
830,1 Kings 8:66,,,,
831,1 Kings 9:2,,,,
832,1 Kings 9:3,,,,
833,1 Kings 9:3,,,,
834,1 Kings 9:4-5,,,,
835,1 Kings 9:6-9,,,,
836,1 Kings 10:1-3,,,,
837,1 Kings 10:4-9,,,,
838,1 Kings 10:9,,,,
839,1 Kings 10:14-29,,,,
840,1 Kings 11:1-8,,,,
841,1 Kings 11:9,,,,
842,1 Kings 11:9-13,,,,
843,1 Kings 11:11-13,,,,
844,"1 Kings 11:11, 31",,,,
845,"1 Kings 11:14, 23",,,,
846,1 Kings 11:23-25,,,,
847,1 Kings 11:29,,,,
848,1 Kings 11:30,,,,
849,"1 Kings 11:31, 35",,,,
850,1 Kings 11:33,,,,
851,1 Kings 11:38,,,,
852,1 Kings 11:40,,,,
853,1 Kings 11:40,,,,
854,1 Kings 11:41-43,,,,
855,1 Kings 12:6-15,,,,
856,1 Kings 12:15,,,,
857,1 Kings 12:16-20,,,,
858,1 Kings 12:22-24,,,,
859,1 Kings 12:22-24,,,,
860,1 Kings 12:24,,,,
861,1 Kings 12:26-30,,,,
862,1 Kings 12:31,,,,
863,1 Kings 13:1-2,,,,
864,1 Kings 13:2,,,,
865,"1 Kings 13:3, 5",,,,
866,1 Kings 13:4,,,,
867,1 Kings 13:6,,,,
868,1 Kings 13:8-9,,,,
869,1 Kings 13:11-19,,,,
870,1 Kings 13:20-22,,,,
871,1 Kings 13:23-24,,,,
872,1 Kings 13:25-28,,,,
873,1 Kings 13:29-30,,,,
874,1 Kings 13:32,,,,
875,1 Kings 13:33-34,,,,
876,1 Kings 14:1-3,,,,
877,1 Kings 14:5,,,,
878,1 Kings 14:6-16,,,,
879,1 Kings 14:10-11,,,,
880,1 Kings 14:15-16,,,,
881,1 Kings 14:17,,,,
882,1 Kings 14:18,,,,
883,1 Kings 14:25-26,,,,
884,1 Kings 14:26,,,,
885,1 Kings 15:3,,,,
886,1 Kings 15:4-5,,,,
887,1 Kings 15:11,,,,
888,1 Kings 15:16-22,,,,
889,1 Kings 15:25-26,,,,
890,1 Kings 15:27-30,,,,
891,1 Kings 15:29,,,,
892,1 Kings 16:1-4,,,,
893,1 Kings 16:2-4,,,,
894,1 Kings 16:8-10,,,,
895,1 Kings 16:11-12,,,,
896,1 Kings 16:12,,,,
897,1 Kings 16:15-18,,,,
898,1 Kings 16:21-22,,,,
899,1 Kings 16:22,,,,
900,1 Kings 16:25,,,,
901,1 Kings 16:30,,,,
902,1 Kings 16:31,,,,
903,1 Kings 16:34,,,,
904,1 Kings 17:1,,,,
905,1 Kings 17:2-3,,,,
906,1 Kings 17:4-6,,,,
907,1 Kings 17:7,,,,
908,1 Kings 17:8-9,,,,
909,1 Kings 17:10-16,,,,
910,1 Kings 17:17,,,,
911,1 Kings 17:17-24,,,,
912,1 Kings 17:24,,,,
913,1 Kings 18:1,,,,
914,1 Kings 18:1,,,,
915,1 Kings 18:2,,,,
916,1 Kings 18:3-4,,,,
917,1 Kings 18:4,,,,
918,1 Kings 18:7-16,,,,
919,1 Kings 18:17,,,,
920,1 Kings 18:19-24,,,,
921,1 Kings 18:25-29,,,,
922,1 Kings 18:30-32,,,,
923,1 Kings 18:33-35,,,,
924,1 Kings 18:36-38,,,,
925,1 Kings 18:38,,,,
926,1 Kings 18:39,,,,
927,1 Kings 18:40,,,,
928,1 Kings 18:41-44,,,,
929,1 Kings 18:44-45,,,,
930,1 Kings 18:46,,,,
931,1 Kings 19:1-2,,,,
932,1 Kings 19:3,,,,
933,1 Kings 19:5-8,,,,
934,1 Kings 19:8,,,,
935,"1 Kings 19:9, 13",,,,
936,1 Kings 19:11-12,,,,
937,1 Kings 19:12,,,,
938,1 Kings 19:15-16,,,,
939,1 Kings 19:18,,,,
940,1 Kings 19:19-21,,,,
941,1 Kings 20:1,,,,
942,1 Kings 20:13-14,,,,
943,1 Kings 20:15-21,,,,
944,1 Kings 20:22,,,,
945,1 Kings 20:23-25,,,,
946,1 Kings 20:28,,,,
947,1 Kings 20:29,,,,
948,1 Kings 20:30,,,,
949,1 Kings 20:31-34,,,,
950,1 Kings 20:35-43,,,,
951,1 Kings 20:36,,,,
952,1 Kings 20:37-41,,,,
953,1 Kings 20:42,,,,
954,1 Kings 21:1-4,,,,
955,1 Kings 21:5-14,,,,
956,1 Kings 21:17-19,,,,
957,1 Kings 21:19,,,,
958,1 Kings 21:20-24,,,,
959,1 Kings 21:27-29,,,,
960,1 Kings 21:29,,,,
961,1 Kings 22:1-4,,,,
962,1 Kings 22:5,,,,
963,"1 Kings 22:6, 10-12",,,,
964,1 Kings 22:13-28,,,,
965,1 Kings 22:19-23,,,,
966,1 Kings 22:24,,,,
967,1 Kings 22:30,,,,
968,1 Kings 22:34-35,,,,
969,1 Kings 22:38,,,,
970,1 Kings 22:43,,,,
971,1 Kings 22:52-53,,,,
972,1 Kings 22:53,,,,
973,2 Kings 1:3,,,,
974,2 Kings 1:3-4,,,,
975,2 Kings 1:10,,,,
976,2 Kings 1:11-12,,,,
977,2 Kings 1:15,,,,
978,2 Kings 1:16,,,,
979,2 Kings 1:17,,,,
980,"2 Kings 2:3, 5",,,,
981,2 Kings 2:8,,,,
982,2 Kings 2:8,,,,
983,2 Kings 2:11,,,,
984,2 Kings 2:11,,,,
985,2 Kings 2:13,,,,
986,2 Kings 2:14,,,,
987,2 Kings 2:20-22,,,,
988,2 Kings 2:22,,,,
989,2 Kings 2:24,,,,
990,2 Kings 3:15,,,,
991,2 Kings 3:16-17,,,,
992,2 Kings 3:18-19,,,,
993,2 Kings 3:20,,,,
994,2 Kings 3:21-23,,,,
995,2 Kings 3:24-25,,,,
996,2 Kings 4:2-7,,,,
997,2 Kings 4:6,,,,
998,2 Kings 4:11-16,,,,
999,2 Kings 4:17,,,,
1000,2 Kings 4:27,,,,
1001,2 Kings 4:32-35,,,,
1002,2 Kings 4:35,,,,
1003,2 Kings 4:41,,,,
1004,2 Kings 4:43-44,,,,
1005,2 Kings 4:44,,,,
1006,2 Kings 5:14,,,,
1007,2 Kings 5:14,,,,
1008,2 Kings 5:25-26,,,,
1009,2 Kings 5:27,,,,
1010,2 Kings 6:6-7,,,,
1011,2 Kings 6:9-10,,,,
1012,2 Kings 6:10,,,,
1013,2 Kings 6:17,,,,
1014,2 Kings 6:17,,,,
1015,2 Kings 6:18,,,,
1016,2 Kings 6:20,,,,
1017,2 Kings 6:23,,,,
1018,2 Kings 7:1,,,,
1019,2 Kings 7:2,,,,
1020,2 Kings 7:6,,,,
1021,2 Kings 7:16,,,,
1022,"2 Kings 7:17, 20",,,,
1023,2 Kings 7:20,,,,
1024,2 Kings 8:1,,,,
1025,2 Kings 8:5,,,,
1026,2 Kings 8:10,,,,
1027,2 Kings 8:13,,,,
1028,2 Kings 8:19,,,,
1029,2 Kings 9:6,,,,
1030,2 Kings 9:7-10,,,,
1031,2 Kings 9:35-37,,,,
1032,2 Kings 9:35,,,,
1033,2 Kings 10:30,,,,
1034,2 Kings 10:30,,,,
1035,2 Kings 10:32,,,,
1036,2 Kings 10:32-33,,,,
1037,2 Kings 11:2,,,,
1038,2 Kings 13:3,,,,
1039,2 Kings 13:3,,,,
1040,2 Kings 13:5,,,,
1041,2 Kings 13:15-19,,,,
1042,2 Kings 13:19,,,,
1043,2 Kings 13:21,,,,
1044,2 Kings 13:21,,,,
1045,2 Kings 13:23,,,,
1046,2 Kings 13:25,,,,
1047,2 Kings 13:25,,,,
1048,2 Kings 14:11,,,,
1049,2 Kings 14:12,,,,
1050,2 Kings 14:25,,,,
1051,2 Kings 14:25,,,,
1052,2 Kings 14:26,,,,
1053,2 Kings 14:27,,,,
1054,2 Kings 15:5,,,,
1055,2 Kings 15:12,,,,
1056,2 Kings 15:19,,,,
1057,2 Kings 15:29,,,,
1058,2 Kings 15:29,,,,
1059,2 Kings 15:37,,,,
1060,2 Kings 16:5,,,,
1061,2 Kings 17:5,,,,
1062,2 Kings 17:6,,,,
1063,2 Kings 17:7-23,,,,
1064,2 Kings 17:13,,,,
1065,2 Kings 17:18,,,,
1066,2 Kings 17:18,,,,
1067,2 Kings 17:25,,,,
1068,2 Kings 18:7,,,,
1069,2 Kings 18:8,,,,
1070,2 Kings 19:6-7,,,,
1071,2 Kings 19:7,,,,
1072,2 Kings 19:20,,,,
1073,2 Kings 19:21-28,,,,
1074,2 Kings 19:29-31,,,,
1075,2 Kings 19:32-34,,,,
1076,2 Kings 19:35,,,,
1077,2 Kings 19:37,,,,
1078,2 Kings 20:1,,,,
1079,2 Kings 20:4-6,,,,
1080,2 Kings 20:6,,,,
1081,2 Kings 20:7,,,,
1082,2 Kings 20:9-10,,,,
1083,2 Kings 20:11,,,,
1084,2 Kings 20:14-18,,,,
1085,2 Kings 21:10-15,,,,
1086,2 Kings 21:13,,,,
1087,2 Kings 22:8,,,,
1088,2 Kings 22:15-17,,,,
1089,2 Kings 22:18-20,,,,
1090,2 Kings 23:16,,,,
1091,2 Kings 23:17-18,,,,
1092,2 Kings 23:22,,,,
1093,2 Kings 23:26,,,,
1094,2 Kings 23:27,,,,
1095,2 Kings 24:2,,,,
1096,2 Kings 24:3-4,,,,
1097,2 Kings 24:13,,,,
1098,2 Kings 24:13,,,,
1099,2 Kings 24:14,,,,
1100,2 Kings 24:14,,,,
1101,2 Kings 24:20,,,,
1102,2 Kings 25:1,,,,
1103,2 Kings 25:9,,,,
1104,2 Kings 25:11,,,,
1105,2 Kings 25:21,,,,
1106,1 Chronicles 10:13-14,,,,
1107,1 Chronicles 10:13-14,,,,
1108,1 Chronicles 10:14,,,,
1109,1 Chronicles 11:1-3,,,,
1110,1 Chronicles 11:4-9,,,,
1111,1 Chronicles 11:9,,,,
1112,1 Chronicles 11:10-47,,,,
1113,1 Chronicles 12:18,,,,
1114,1 Chronicles 12:22,,,,
1115,1 Chronicles 13:10-11,,,,
1116,1 Chronicles 13:10,,,,
1117,1 Chronicles 13:12,,,,
1118,1 Chronicles 13:14,,,,
1119,1 Chronicles 14:2,,,,
1120,1 Chronicles 14:3-7,,,,
1121,1 Chronicles 14:10,,,,
1122,1 Chronicles 14:10,,,,
1123,1 Chronicles 14:11,,,,
1124,1 Chronicles 14:14,,,,
1125,1 Chronicles 14:14-15,,,,
1126,1 Chronicles 14:15,,,,
1127,1 Chronicles 14:16,,,,
1128,1 Chronicles 14:17,,,,
1129,1 Chronicles 14:17,,,,
1130,1 Chronicles 15:1,,,,
1131,1 Chronicles 15:26,,,,
1132,1 Chronicles 15:28-29,,,,
1133,1 Chronicles 17:1-2,,,,
1134,1 Chronicles 17:3,,,,
1135,1 Chronicles 17:4-15,,,,
1136,1 Chronicles 17:11-12,,,,
1137,1 Chronicles 17:14,,,,
1138,1 Chronicles 17:15,,,,
1139,1 Chronicles 17:16-27,,,,
1140,"1 Chronicles 18:6, 13",,,,
1141,1 Chronicles 18:1-17,,,,
1142,1 Chronicles 21:1,,,,
1143,1 Chronicles 21:1,,,,
1144,1 Chronicles 21:8,,,,
1145,1 Chronicles 21:8,,,,
1146,1 Chronicles 21:9-12,,,,
1147,1 Chronicles 21:13,,,,
1148,1 Chronicles 21:14,,,,
1149,1 Chronicles 21:14,,,,
1150,1 Chronicles 21:15,,,,
1151,1 Chronicles 21:15,,,,
1152,1 Chronicles 21:15-16,,,,
1153,1 Chronicles 21:16,,,,
1154,1 Chronicles 21:16,,,,
1155,1 Chronicles 21:17,,,,
1156,1 Chronicles 21:18,,,,
1157,1 Chronicles 21:18,,,,
1158,1 Chronicles 21:26,,,,
1159,1 Chronicles 21:26,,,,
1160,1 Chronicles 21:27,,,,
1161,1 Chronicles 21:27,,,,
1162,1 Chronicles 22:1,,,,
1163,1 Chronicles 22:9,,,,
1164,1 Chronicles 22:10,,,,
1165,1 Chronicles 22:10,,,,
1166,1 Chronicles 22:11-16,,,,
1167,1 Chronicles 22:12,,,,
1168,1 Chronicles 23:2,,,,
1169,1 Chronicles 23:3-32,,,,
1170,1 Chronicles 24:1-31,,,,
1171,1 Chronicles 24:5,,,,
1172,1 Chronicles 24:7-18,,,,
1173,1 Chronicles 25:1-31,,,,
1174,1 Chronicles 25:1-3,,,,
1175,1 Chronicles 25:8,,,,
1176,1 Chronicles 26:1-32,,,,
1177,1 Chronicles 20:14,,,,
1178,1 Chronicles 28:11-19,,,,
1179,1 Chronicles 28:19,,,,
1180,1 Chronicles 28:20,,,,
1181,1 Chronicles 29:6-9,,,,
1182,1 Chronicles 29:10-19,,,,
1183,1 Chronicles 29:11,,,,
1184,1 Chronicles 29:12,,,,
1185,1 Chronicles 29:17,,,,
1186,1 Chronicles 29:23,,,,
1187,1 Chronicles 29:25,,,,
1188,1 Chronicles 29:25,,,,
1189,2 Chronicles 1:7,,,,
1190,2 Chronicles 1:8-10,,,,
1191,2 Chronicles 1:11-12,,,,
1192,2 Chronicles 1:12,,,,
1193,2 Chronicles 5:1,,,,
1194,2 Chronicles 5:13-14,,,,
1195,2 Chronicles 5:14,,,,
1196,2 Chronicles 5:14,,,,
1197,2 Chronicles 7:1,,,,
1198,2 Chronicles 7:1,,,,
1199,2 Chronicles 7:1-2,,,,
1200,2 Chronicles 7:2,,,,
1201,2 Chronicles 7:3,,,,
1202,2 Chronicles 7:3,,,,
1203,2 Chronicles 7:12,,,,
1204,2 Chronicles 7:12,,,,
1205,2 Chronicles 7:12,,,,
1206,2 Chronicles 7:13-16,,,,
1207,2 Chronicles 7:17-18,,,,
1208,2 Chronicles 7:19-22,,,,
1209,2 Chronicles 9:8,,,,
1210,2 Chronicles 9:8,,,,
1211,2 Chronicles 9:29,,,,
1212,2 Chronicles 10:15,,,,
1213,2 Chronicles 10:15,,,,
1214,2 Chronicles 11:2-4,,,,
1215,2 Chronicles 11:2-4,,,,
1216,2 Chronicles 11:4,,,,
1217,2 Chronicles 11:17,,,,
1218,2 Chronicles 12:2,,,,
1219,2 Chronicles 12:5-6,,,,
1220,2 Chronicles 12:6,,,,
1221,2 Chronicles 12:7,,,,
1222,2 Chronicles 12:7,,,,
1223,2 Chronicles 12:9,,,,
1224,2 Chronicles 15:1,,,,
1225,2 Chronicles 15:2-7,,,,
1226,2 Chronicles 15:2,,,,
1227,2 Chronicles 15:8,,,,
1228,2 Chronicles 15:12-15,,,,
1229,2 Chronicles 15:15,,,,
1230,2 Chronicles 15:15,,,,
1231,2 Chronicles 16:7-9,,,,
1232,2 Chronicles 16:9,,,,
1233,2 Chronicles 16:9,,,,
1234,2 Chronicles 16:12,,,,
1235,2 Chronicles 20:14,,,,
1236,2 Chronicles 20:15-17,,,,
1237,2 Chronicles 20:15,,,,
1238,2 Chronicles 20:18-19,,,,
1239,2 Chronicles 20:22,,,,
1240,2 Chronicles 20:23,,,,
1241,2 Chronicles 20:25,,,,
1242,2 Chronicles 20:26,,,,
1243,2 Chronicles 20:29,,,,
1244,2 Chronicles 20:30,,,,
1245,2 Chronicles 19:2-3,,,,
1246,2 Chronicles 19:3,,,,
1247,2 Chronicles 20:37,,,,
1248,2 Chronicles 20:37,,,,
1249,2 Chronicles 24:20,,,,
1250,2 Chronicles 24:20,,,,
1251,2 Chronicles 24:20,,,,
1252,2 Chronicles 24:21,,,,
1253,2 Chronicles 24:22,,,,
1254,2 Chronicles 24:23-24,,,,
1255,2 Chronicles 24:24,,,,
1256,2 Chronicles 24:24,,,,
1257,2 Chronicles 24:25,,,,
1258,2 Chronicles 25:15-16,,,,
1259,2 Chronicles 25:15,,,,
1260,2 Chronicles 25:16,,,,
1261,2 Chronicles 25:16,,,,
1262,2 Chronicles 25:20,,,,
1263,2 Chronicles 25:20,,,,
1264,2 Chronicles 26:16-18,,,,
1265,2 Chronicles 26:19-21,,,,
1266,2 Chronicles 26:19,,,,
1267,2 Chronicles 26:20,,,,
1268,2 Chronicles 26:21,,,,
1269,2 Chronicles 26:7,,,,
1270,"2 Chronicles 26:8, 15",,,,
1271,2 Chronicles 26:15,,,,
1272,2 Chronicles 28:9-11,,,,
1273,2 Chronicles 28:9,,,,
1274,2 Chronicles 28:11,,,,
1275,2 Chronicles 28:12-15,,,,
1276,2 Chronicles 28:19,,,,
1277,2 Chronicles 32:31,,,,
1278,2 Chronicles 32:31,,,,
1279,2 Chronicles 32:26,,,,
1280,2 Chronicles 32:26,,,,
1281,2 Chronicles 32:27-29,,,,
1282,2 Chronicles 32:29,,,,
1283,2 Chronicles 32:30,,,,
1284,2 Chronicles 32:30,,,,
1285,2 Chronicles 34:22-28,,,,
1286,2 Chronicles 34:28,,,,
1287,2 Chronicles 35:18,,,,
1288,2 Chronicles 35:21,,,,
1289,2 Chronicles 35:22,,,,
1290,2 Chronicles 35:23-24,,,,
1291,2 Chronicles 36:22,,,,
1292,2 Chronicles 36:23,,,,
1293,2 Chronicles 36:21-22,,,,
1294,Ezra 1:1,,,,
1295,Ezra 1:2,,,,
1296,Ezra 1:1,,,,
1297,Ezra 1:5,,,,
1298,Ezra 1:5,,,,
1299,Ezra 2:64,,,,
1300,Ezra 2:66-67,,,,
1301,Ezra 2:70,,,,
1302,Ezra 3:1,,,,
1303,Ezra 3:3,,,,
1304,Ezra 3:8,,,,
1305,Ezra 4:3,,,,
1306,Ezra 4:5,,,,
1307,Ezra 4:24,,,,
1308,Ezra 5:1,,,,
1309,Ezra 5:2,,,,
1310,Ezra 5:2,,,,
1311,Ezra 5:5,,,,
1312,Ezra 5:5,,,,
1313,Ezra 6:2,,,,
1314,Ezra 6:3-12,,,,
1315,Ezra 6:8-10,,,,
1316,Ezra 6:11-12,,,,
1317,Ezra 6:13,,,,
1318,Ezra 6:14,,,,
1319,Ezra 6:14,,,,
1320,Ezra 6:14,,,,
1321,Ezra 6:15,,,,
1322,Ezra 6:22,,,,
1323,Ezra 6:22,,,,
1324,Ezra 6:22,,,,
1325,Ezra 7:10,,,,
1326,Ezra 7:6,,,,
1327,"Ezra 7:6, 9, 28",,,,
1328,Ezra 7:11-26,,,,
1329,Ezra 7:15-20,,,,
1330,Ezra 7:21-24,,,,
1331,Ezra 7:23,,,,
1332,Ezra 7:24,,,,
1333,Ezra 7:28,,,,
1334,Ezra 7:28,,,,
1335,Ezra 8:1,,,,
1336,Ezra 8:15-20,,,,
1337,Ezra 8:23,,,,
1338,Ezra 8:24-30,,,,
1339,Ezra 8:31,,,,
1340,Ezra 8:32,,,,
1341,Ezra 8:36,,,,
1342,Ezra 9:4,,,,
1343,Ezra 9:9,,,,
1344,Ezra 9:9,,,,
1345,Ezra 10:2,,,,
1346,Ezra 10:7-8,,,,
1347,Ezra 10:9,,,,
1348,Ezra 10:14,,,,
1349,Ezra 10:17,,,,
1350,Ezra 10:18-44,,,,
1351,Nehemiah 1:1-4,,,,
1352,Nehemiah 1:4-11,,,,
1353,Nehemiah 2:1-8,,,,
1354,Nehemiah 2:6-8,,,,
1355,"Nehemiah 2:8, 18",,,,
1356,Nehemiah 2:8,,,,
1357,Nehemiah 2:9,,,,
1358,Nehemiah 2:18,,,,
1359,Nehemiah 2:17-18,,,,
1360,Nehemiah 4:7-15,,,,
1361,Nehemiah 4:15,,,,
1362,Nehemiah 4:20,,,,
1363,Nehemiah 6:15,,,,
1364,Nehemiah 6:16,,,,
1365,Nehemiah 6:16,,,,
1366,Nehemiah 7:5,,,,
1367,Nehemiah 8:1-8,,,,
1368,Nehemiah 8:7-8,,,,
1369,Nehemiah 8:9-11,,,,
1370,Nehemiah 8:10,,,,
1371,Nehemiah 8:13-15,,,,
1372,Nehemiah 8:17,,,,
1373,Nehemiah 8:17,,,,
1374,Nehemiah 9:5-37,,,,
1375,"Nehemiah 9:19, 27, 31",,,,
1376,Nehemiah 9:27-28,,,,
1377,Nehemiah 9:20,,,,
1378,"Nehemiah 9:15, 20",,,,
1379,Nehemiah 9:38,,,,
1380,Nehemiah 12:24-47,,,,
1381,Nehemiah 12:43,,,,
1382,Nehemiah 12:43,,,,
1383,Nehemiah 12:43,,,,
1384,Nehemiah 12:43,,,,
1385,"Nehemiah 13:14, 22, 31",,,,
1386,"Nehemiah 13:14, 22, 31",,,,
1387,Nehemiah 13:15-22,,,,
1388,Nehemiah 13:23-28,,,,
1389,Nehemiah 13:29-31,,,,
1390,Esther 2:8-17,,,,
1391,Esther 2:17,,,,
1392,"Esther 2:10, 20",,,,
1393,Esther 2:21-23,,,,
1394,Esther 2:23,,,,
1395,Esther 3:7,,,,
1396,Esther 3:7,,,,
1397,Esther 4:13-14,,,,
1398,Esther 4:14,,,,
1399,Esther 4:14,,,,
1400,Esther 4:16,,,,
1401,Esther 6:1,,,,
1402,Esther 6:1,,,,
1403,Esther 6:2-3,,,,
1404,Esther 6:4,,,,
1405,Esther 6:10-11,,,,
1406,Esther 6:13,,,,
1407,Esther 6:14,,,,
1408,Esther 7:3,,,,
1409,Esther 7:7,,,,
1410,Esther 7:8,,,,
1411,Esther 7:9-10,,,,
1412,Esther 8:1-2,,,,
1413,Esther 8:5-8,,,,
1414,Esther 8:11-14,,,,
1415,Esther 8:15,,,,
1416,Esther 8:17,,,,
1417,Esther 9:1-2,,,,
1418,Esther 9:2,,,,
1419,Esther 9:3,,,,
1420,"Esther 9:10, 15-16",,,,
1421,Esther 9:7-10,,,,
1422,Esther 9:17-19,,,,
1423,Esther 9:20-32,,,,
1424,Esther 10:3,,,,
1425,Job 1:7,,,,
1426,Job 1:8,,,,
1427,Job 1:12,,,,
1428,Job 1:12,,,,
1429,Job 1:16,,,,
1430,Job 1:18-19,,,,
1431,Job 2:3,,,,
1432,Job 2:3,,,,
1433,Job 2:6,,,,
1434,Job 2:6,,,,
1435,Job 2:7,,,,
1436,Job 32:18-20,,,,
1437,Job 33:14-16,,,,
1438,Job 33:15-16,,,,
1439,Job 33:16,,,,
1440,"Job 33:18, 24, 28",,,,
1441,Job 33:23-24,,,,
1442,Job 33:25,,,,
1443,Job 33:26,,,,
1444,Job 33:28,,,,
1445,Job 36:6,,,,
1446,"Job 36:10, 15",,,,
1447,Job 36:15,,,,
1448,Job 37:5,,,,
1449,Job 37:5,,,,
1450,Job 37:6,,,,
1451,Job 37:7,,,,
1452,Job 37:10,,,,
1453,Job 37:11,,,,
1454,Job 37:12,,,,
1455,Job 37:13,,,,
1456,Job 38:1,,,,
1457,Job 38:2-3,,,,
1458,Job 38:4-7,,,,
1459,Job 38:7,,,,
1460,Job 38:7,,,,
1461,Job 38:8-11,,,,
1462,Job 38:10,,,,
1463,Job 38:12-15,,,,
1464,Job 38:23,,,,
1465,Job 38:26-27,,,,
1466,Job 38:35,,,,
1467,Job 38:39,,,,
1468,Job 38:41,,,,
1469,Job 39:1-4,,,,
1470,Job 39:5-8,,,,
1471,Job 39:13-18,,,,
1472,Job 39:19-25,,,,
1473,Job 39:27-30,,,,
1474,Job 40:1-2,,,,
1475,Job 40:6,,,,
1476,Job 40:7-14,,,,
1477,Job 40:15-24,,,,
1478,Job 40:15,,,,
1479,Job 41:1-34,,,,
1480,Job 41:10,,,,
1481,Job 41:11,,,,
1482,Job 42:7,,,,
1483,Job 42:7-8,,,,
1484,Job 42:8,,,,
1485,Job 42:8,,,,
1486,Job 42:8,,,,
1487,Job 42:9,,,,
1488,Job 42:10,,,,
1489,Job 42:10,,,,
1490,Job 42:12,,,,
1491,Job 42:12,,,,
1492,Job 42:12,,,,
1493,Job 42:13,,,,
1494,Job 42:15,,,,
1495,Job 42:16,,,,
1496,Psalms 2:7,,,,
1497,Psalms 2:7,,,,
1498,Psalms 2:8,,,,
1499,Psalms 16:10,,,,
1500,Psalms 16:10,,,,
1501,Psalms 16:11,,,,
1502,Psalms 29:5,,,,
1503,Psalms 29:5,,,,
1504,Psalms 29:7,,,,
1505,Psalms 29:8,,,,
1506,Psalms 29:9,,,,
1507,Psalms 29:9,,,,
1508,Psalms 30:11,,,,
1509,Psalms 30:11,,,,
1510,Psalms 89:19,,,,
1511,Psalms 89:29,,,,
1512,Psalms 89:35,,,,
1513,Psalms 89:35,,,,
1514,Psalms 89:36,,,,
1515,Psalms 89:37,,,,
1516,Psalms 78:15-16,,,,
1517,Psalms 78:16,,,,
1518,Psalms 78:24,,,,
1519,Psalms 78:24,,,,
1520,Psalms 78:25,,,,
1521,Psalms 78:26,,,,
1522,Psalms 78:27,,,,
1523,Psalms 78:27,,,,
1524,Psalms 78:51,,,,
1525,Psalms 78:52,,,,
1526,Psalms 78:53,,,,
1527,Psalms 78:68,,,,
1528,Psalms 78:69,,,,
1529,Psalms 78:69,,,,
1530,Psalms 78:70,,,,
1531,Psalms 78:71,,,,
1532,Psalms 107:33,,,,
1533,Psalms 107:34,,,,
1534,Psalms 107:35,,,,
1535,Psalms 107:35,,,,
1536,Psalms 107:9,,,,
1537,Psalms 107:9,,,,
1538,Psalms 107:14,,,,
1539,Psalms 107:14,,,,
1540,Psalms 107:16,,,,
1541,Psalms 107:16,,,,
1542,Psalms 107:20,,,,
1543,Psalms 107:20,,,,
1544,Psalms 107:29,,,,
1545,Psalms 107:29,,,,
1546,Psalms 107:30,,,,
1547,Psalms 104:5,,,,
1548,Psalms 104:5,,,,
1549,Psalms 104:6,,,,
1550,Psalms 104:6,,,,
1551,Psalms 104:7,,,,
1552,Psalms 104:7,,,,
1553,Psalms 104:8,,,,
1554,Psalms 104:9,,,,
1555,Psalms 104:9,,,,
1556,Psalms 104:10,,,,
1557,Psalms 104:10,,,,
1558,Psalms 104:13,,,,
1559,Psalms 104:13,,,,
1560,Psalms 104:14,,,,
1561,Psalms 104:14,,,,
1562,Psalms 104:14,,,,
1563,Psalms 104:19,,,,
1564,Psalms 104:19,,,,
1565,Psalms 104:20,,,,
1566,Psalms 104:27,,,,
1567,Psalms 104:28,,,,
1568,Psalms 104:29,,,,
1569,Psalms 104:29,,,,
1570,Psalms 104:30,,,,
1571,Psalms 104:30,,,,
1572,Psalms 104:32,,,,
1573,Psalms 104:32,,,,
1574,Psalms 136:13,,,,
1575,Psalms 136:14,,,,
1576,Psalms 136:15,,,,
1577,Psalms 136:16,,,,
1578,Psalms 136:17-20,,,,
1579,Psalms 136:18,,,,
1580,Psalms 136:19,,,,
1581,Psalms 136:20,,,,
1582,Psalms 136:21-22,,,,
1583,Psalms 136:23,,,,
1584,Psalms 136:24,,,,
1585,Psalms 136:25,,,,
1586,Psalms 147:2,,,,
1587,Psalms 147:2,,,,
1588,Psalms 147:3,,,,
1589,Psalms 147:3,,,,
1590,Psalms 147:4,,,,
1591,Psalms 147:4,,,,
1592,Psalms 147:8,,,,
1593,Psalms 147:8,,,,
1594,Psalms 147:8,,,,
1595,Psalms 147:9,,,,
1596,Psalms 147:9,,,,
1597,Psalms 147:18,,,,
1598,Psalms 147:18,,,,
1599,Psalms 147:19,,,,
1600,Psalms 147:19,,,,
1601,Psalms 147:20,,,,
1602,Psalms 147:20,,,,
1603,Proverbs 8:22,,,,
1604,Proverbs 8:23,,,,
1605,Proverbs 8:23,,,,
1606,Proverbs 8:27,,,,
1607,Proverbs 8:27,,,,
1608,Proverbs 8:28,,,,
1609,Proverbs 8:28,,,,
1610,Proverbs 8:29,,,,
1611,Proverbs 8:29,,,,
1612,Proverbs 8:29,,,,
1613,Proverbs 8:30,,,,
1614,Proverbs 8:30,,,,
1615,Proverbs 8:30,,,,
1616,Proverbs 8:31,,,,
1617,Proverbs 8:31,,,,
1618,Proverbs 3:19,,,,
1619,Proverbs 3:20,,,,
1620,Proverbs 3:20,,,,
1621,Proverbs 3:20,,,,
1622,Proverbs 2:6,,,,
1623,Proverbs 2:6,,,,
1624,Proverbs 2:7,,,,
1625,Proverbs 2:7,,,,
1626,Proverbs 2:8,,,,
1627,Proverbs 2:8,,,,
1628,Proverbs 16:33,,,,
1629,Proverbs 21:1,,,,
1630,Proverbs 21:1,,,,
1631,Proverbs 21:30,,,,
1632,Proverbs 21:30,,,,
1633,Proverbs 21:30,,,,
1634,Proverbs 21:31,,,,
1635,Proverbs 10:22,,,,
1636,Proverbs 16:9,,,,
1637,Proverbs 16:9,,,,
1638,Proverbs 19:21,,,,
1639,Proverbs 20:24,,,,
1640,Proverbs 20:24,,,,
1641,Proverbs 16:2,,,,
1642,Proverbs 16:2,,,,
1643,Proverbs 16:3,,,,
1644,Proverbs 16:4,,,,
1645,Proverbs 16:4,,,,
1646,Proverbs 16:5,,,,
1647,Proverbs 16:5,,,,
1648,Proverbs 16:7,,,,
1649,Proverbs 16:8,,,,
1650,Proverbs 16:1,,,,
1651,Proverbs 16:1,,,,
1652,Proverbs 16:11,,,,
1653,Proverbs 16:11,,,,
1654,Proverbs 16:12,,,,
1655,Proverbs 16:12,,,,
1656,Proverbs 16:13,,,,
1657,Proverbs 16:13,,,,
1658,Proverbs 16:14,,,,
1659,Proverbs 16:14,,,,
1660,Proverbs 16:15,,,,
1661,Proverbs 16:15,,,,
1662,Proverbs 16:16,,,,
1663,Proverbs 16:16,,,,
1664,Proverbs 16:17,,,,
1665,Proverbs 16:17,,,,
1666,Proverbs 16:18,,,,
1667,Proverbs 16:18,,,,
1668,Proverbs 16:19,,,,
1669,Proverbs 16:19,,,,
1670,Proverbs 16:20,,,,
1671,Proverbs 16:20,,,,
1672,Proverbs 16:21,,,,
1673,Proverbs 16:21,,,,
1674,Proverbs 16:22,,,,
1675,Proverbs 16:22,,,,
1676,Proverbs 16:23,,,,
1677,Proverbs 16:23,,,,
1678,Proverbs 16:24,,,,
1679,Proverbs 16:24,,,,
1680,Proverbs 16:25,,,,
1681,Proverbs 16:25,,,,
1682,Proverbs 16:26,,,,
1683,Proverbs 16:26,,,,
1684,Proverbs 16:27,,,,
1685,Proverbs 16:27,,,,
1686,Proverbs 16:28,,,,
1687,Proverbs 16:28,,,,
1688,Proverbs 16:29,,,,
1689,Proverbs 16:29,,,,
1690,Proverbs 16:30,,,,
1691,Proverbs 16:30,,,,
1692,Proverbs 16:31,,,,
1693,Proverbs 16:31,,,,
1694,Proverbs 16:32,,,,
1695,Proverbs 16:32,,,,
1696,Ecclesiastes 3:11,,,,
1697,Ecclesiastes 3:11,,,,
1698,Ecclesiastes 3:11,,,,
1699,Ecclesiastes 3:14,,,,
1700,Ecclesiastes 3:14,,,,
1701,Ecclesiastes 3:14,,,,
1702,Ecclesiastes 3:14,,,,
1703,Ecclesiastes 3:15,,,,
1704,Ecclesiastes 3:17,,,,
1705,Ecclesiastes 3:18,,,,
1706,Ecclesiastes 2:26,,,,
1707,Ecclesiastes 2:26,,,,
1708,Ecclesiastes 2:26,,,,
1709,Ecclesiastes 3:13,,,,
1710,Ecclesiastes 6:2,,,,
1711,Ecclesiastes 6:2,,,,
1712,Ecclesiastes 6:2,,,,
1713,Ecclesiastes 6:10,,,,
1714,Ecclesiastes 6:10,,,,
1715,Ecclesiastes 6:12,,,,
1716,Ecclesiastes 6:12,,,,
1717,Ecclesiastes 7:29,,,,
1718,Ecclesiastes 7:29,,,,
1719,Ecclesiastes 8:8,,,,
1720,Ecclesiastes 8:8,,,,
1721,Ecclesiastes 8:17,,,,
1722,Ecclesiastes 8:17,,,,
1723,Ecclesiastes 8:17,,,,
1724,Ecclesiastes 9:1,,,,
1725,Ecclesiastes 9:1,,,,
1726,Ecclesiastes 9:2-3,,,,
1727,Ecclesiastes 9:2,,,,
1728,Ecclesiastes 9:9,,,,
1729,Ecclesiastes 9:11,,,,
1730,Ecclesiastes 9:12,,,,
1731,Ecclesiastes 9:12,,,,
1732,Ecclesiastes 11:3,,,,
1733,Ecclesiastes 11:3,,,,
1734,Ecclesiastes 11:5,,,,
1735,Ecclesiastes 11:5,,,,
1736,Ecclesiastes 11:5,,,,
1737,Ecclesiastes 12:14,,,,
1738,Ecclesiastes 12:14,,,,
1739,Ecclesiastes 12:14,,,,
1740,Ecclesiastes 12:1,,,,
1741,Ecclesiastes 12:1,,,,
1742,Ecclesiastes 12:1,,,,
1743,Ecclesiastes 12:7,,,,
1744,Ecclesiastes 12:7,,,,
1745,Isaiah 6:1-4,,,,
1746,Isaiah 6:2-3,,,,
1747,Isaiah 6:4,,,,
1748,Isaiah 6:4,,,,
1749,Isaiah 6:6-7,,,,
1750,Isaiah 6:7,,,,
1751,Isaiah 6:8,,,,
1752,Isaiah 6:9-13,,,,
1753,Isaiah 7:10-14,,,,
1754,Isaiah 8:1,,,,
1755,Isaiah 8:3-4,,,,
1756,Isaiah 8:11,,,,
1757,Isaiah 9:6-7,,,,
1758,"Isaiah 9:12, 17, 21; 10:4",,,,
1759,Isaiah 10:12-19,,,,
1760,Isaiah 10:20-22,,,,
1761,Isaiah 11:1-5,,,,
1762,Isaiah 11:10-12,,,,
1763,Isaiah 11:15,,,,
1764,Isaiah 13:1-22,,,,
1765,Isaiah 14:12-15,,,,
1766,Isaiah 14:24-27,,,,
1767,Isaiah 38:1-5,,,,
1768,Isaiah 38:7-8,,,,
1769,Isaiah 37:36,,,,
1770,Isaiah 37:37,,,,
1771,Isaiah 41:8-9,,,,
1772,Isaiah 41:10-14,,,,
1773,Isaiah 41:18-19,,,,
1774,Isaiah 44:28; 45:1-4,,,,
1775,Isaiah 46:9-11,,,,
1776,Isaiah 53:4-6,,,,
1777,Isaiah 53:10-12,,,,
1778,Isaiah 54:1-3,,,,
1779,Isaiah 55:10-11,,,,
1780,Isaiah 55:12,,,,
1781,Isaiah 56:3-7,,,,
1782,Isaiah 59:15-19,,,,
1783,Isaiah 61:1-3,,,,
1784,Isaiah 65:17,,,,
1785,Isaiah 65:18-19,,,,
1786,Isaiah 65:25,,,,
1787,Isaiah 66:1,,,,
1788,Isaiah 66:12,,,,
1789,Isaiah 66:18-19,,,,
1790,Isaiah 66:22,,,,
1791,Jeremiah 1:1-3,,,,
1792,Jeremiah 1:4-5,,,,
1793,Jeremiah 1:5-10,,,,
1794,Jeremiah 1:11-12,,,,
1795,Jeremiah 1:13-16,,,,
1796,Jeremiah 1:17-19,,,,
1797,Jeremiah 2:1-3:5,,,,
1798,Jeremiah 3:6-4:4,,,,
1799,Jeremiah 4:5-6:30,,,,
1800,Jeremiah 7:1-2,,,,
1801,Jeremiah 7:3-15,,,,
1802,Jeremiah 7:16,,,,
1803,Jeremiah 24:1-10,,,,
1804,Jeremiah 25:8-14,,,,
1805,Jeremiah 25:15-29,,,,
1806,Jeremiah 27:1-2,,,,
1807,Jeremiah 28:1-17,,,,
1808,Jeremiah 28:15-17,,,,
1809,Jeremiah 29:1-3,,,,
1810,Jeremiah 29:10-14,,,,
1811,Jeremiah 29:24-32,,,,
1812,Jeremiah 32:6-15,,,,
1813,Jeremiah 32:16-44,,,,
1814,Jeremiah 33:1-3,,,,
1815,Jeremiah 31:31-34,,,,
1816,Jeremiah 11:18-23,,,,
1817,Jeremiah 12:1-6,,,,
1818,Jeremiah 16:1-4,,,,
1819,Jeremiah 18:1-6,,,,
1820,Jeremiah 18:18-23,,,,
1821,Jeremiah 19:1-15,,,,
1822,Jeremiah 20:1-6,,,,
1823,Jeremiah 21:1-10,,,,
1824,Jeremiah 23:1-8,,,,
1825,Jeremiah 23:9-40,,,,
1826,Jeremiah 35:1-11,,,,
1827,Jeremiah 35:12-19,,,,
1828,Jeremiah 36:1-4,,,,
1829,Jeremiah 36:19-26,,,,
1830,Jeremiah 36:27-32,,,,
1831,Jeremiah 38:17-23,,,,
1832,Jeremiah 38:7-13,,,,
1833,Jeremiah 39:15-18,,,,
1834,Jeremiah 39:15-18,,,,
1835,Jeremiah 40:13-41:18,,,,
1836,Jeremiah 42:7-22,,,,
1837,Jeremiah 44:1-30,,,,
1838,Jeremiah 46:1-28,,,,
1839,Jeremiah 46:27-28,,,,
1840,Jeremiah 47:1-7,,,,
1841,Jeremiah 48:1-47,,,,
1842,Jeremiah 49:1-6,,,,
1843,Jeremiah 49:7-22,,,,
1844,Jeremiah 49:23-27,,,,
1845,Jeremiah 49:28-33,,,,
1846,Jeremiah 49:34-39,,,,
1847,Jeremiah 50:1-51:64,,,,
1848,Jeremiah 51:59-64,,,,
1849,Lamentations 2:1-9,,,,
1850,"Lamentations 2:2, 17",,,,
1851,Lamentations 2:4-5,,,,
1852,Lamentations 2:7,,,,
1853,Lamentations 2:17,,,,
1854,Lamentations 3:22-23,,,,
1855,Lamentations 3:32-33,,,,
1856,Ezekiel 1:1,,,,
1857,Ezekiel 1:4-28,,,,
1858,Ezekiel 1:24-28,,,,
1859,Ezekiel 2:1,,,,
1860,Ezekiel 2:2,,,,
1861,Ezekiel 2:3-7,,,,
1862,Ezekiel 2:8-3:3,,,,
1863,Ezekiel 3:1-3,,,,
1864,Ezekiel 3:8-9,,,,
1865,"Ezekiel 3:12, 14",,,,
1866,Ezekiel 3:26-27,,,,
1867,Ezekiel 8:1-18,,,,
1868,Ezekiel 8:3,,,,
1869,Ezekiel 9:1-11,,,,
1870,Ezekiel 9:3-4,,,,
1871,"Ezekiel 10:1-22, 11:22-23",,,,
1872,Ezekiel 10:1-22,,,,
1873,Ezekiel 11:1,,,,
1874,Ezekiel 11:5-12,,,,
1875,Ezekiel 11:13,,,,
1876,Ezekiel 11:17-20,,,,
1877,Ezekiel 11:24,,,,
1878,Ezekiel 12:1-7,,,,
1879,Ezekiel 12:8-16,,,,
1880,Ezekiel 12:17-20,,,,
1881,Ezekiel 12:21-28,,,,
1882,Ezekiel 13:1-23,,,,
1883,Ezekiel 14:1-11,,,,
1884,Ezekiel 14:12-23,,,,
1885,Ezekiel 15:1-8,,,,
1886,Ezekiel 16:1-63,,,,
1887,Ezekiel 17:1-24,,,,
1888,Ezekiel 18:1-32,,,,
1889,Ezekiel 19:1-14,,,,
1890,Ezekiel 20:1-44,,,,
1891,Ezekiel 21:1-32,,,,
1892,Ezekiel 22:1-31,,,,
1893,Ezekiel 23:1-49,,,,
1894,Ezekiel 24:1-2,,,,
1895,Ezekiel 24:3-14,,,,
1896,Ezekiel 24:15-18,,,,
1897,Ezekiel 24:18,,,,
1898,Ezekiel 24:19-27,,,,
1899,Ezekiel 25:1-32:32,,,,
1900,Ezekiel 33:1-20,,,,
1901,Ezekiel 33:21,,,,
1902,Ezekiel 33:22,,,,
1903,Ezekiel 34:1-31,,,,
1904,Ezekiel 35:1-15,,,,
1905,Ezekiel 36:1-38,,,,
1906,Ezekiel 37:1-10,,,,
1907,Ezekiel 37:1,,,,
1908,Ezekiel 37:7-8,,,,
1909,Ezekiel 37:9-10,,,,
1910,Ezekiel 37:11-14,,,,
1911,Ezekiel 37:15-28,,,,
1912,Ezekiel 38:1-39:29,,,,
1913,Ezekiel 40:1-48:35,,,,
1914,Ezekiel 40:1-2,,,,
1915,Ezekiel 40:3-4,,,,
1916,Ezekiel 40:5-42:20,,,,
1917,Ezekiel 43:1-5,,,,
1918,Ezekiel 43:6-7,,,,
1919,Ezekiel 43:18-27,,,,
1920,Ezekiel 44:1-31,,,,
1921,Ezekiel 45:1-48:35,,,,
1922,Ezekiel 47:1-12,,,,
1923,Ezekiel 47:3-5,,,,
1924,Ezekiel 47:12,,,,
1925,Ezekiel 48:35,,,,
1926,Daniel 1:17,,,,
1927,Daniel 2:19,,,,
1928,Daniel 2:24-45,,,,
1929,Daniel 3:19-27,,,,
1930,Daniel 3:25,,,,
1931,Daniel 3:27,,,,
1932,Daniel 4:4-18,,,,
1933,Daniel 4:19-27,,,,
1934,Daniel 4:28-33,,,,
1935,Daniel 4:34-37,,,,
1936,Daniel 5:5,,,,
1937,Daniel 5:17-28,,,,
1938,Daniel 5:30,,,,
1939,Daniel 6:16-23,,,,
1940,Daniel 6:22,,,,
1941,Daniel 6:24,,,,
1942,Daniel 7:1-28,,,,
1943,Daniel 7:9-10,,,,
1944,Daniel 7:13-14,,,,
1945,Daniel 7:15-28,,,,
1946,Daniel 8:1-14,,,,
1947,Daniel 8:15-26,,,,
1948,Daniel 8:27,,,,
1949,Daniel 9:3-19,,,,
1950,Daniel 9:20-23,,,,
1951,Daniel 9:24-27,,,,
1952,Daniel 10:1,,,,
1953,Daniel 10:4-6,,,,
1954,Daniel 10:7-9,,,,
1955,"Daniel 10:10-11, 16, 18",,,,
1956,Daniel 10:12-14,,,,
1957,"Daniel 10:13, 20",,,,
1958,"Daniel 10:13, 21",,,,
1959,Daniel 11:2-45,,,,
1960,Daniel 12:1-4,,,,
1961,Daniel 12:1,,,,
1962,Daniel 12:5,,,,
1963,Daniel 12:6-7,,,,
1964,Daniel 12:8,,,,
1965,Daniel 12:9-13,,,,
1966,Hosea 1:2-3,,,,
1967,Hosea 1:4-9,,,,
1968,Hosea 1:10,,,,
1969,Hosea 1:10-11,,,,
1970,Hosea 2:2-23,,,,
1971,Hosea 2:9-12,,,,
1972,Hosea 2:21-22,,,,
1973,Hosea 3:1-3,,,,
1974,Hosea 4:1-19,,,,
1975,Hosea 5:1-15,,,,
1976,Hosea 6:6,,,,
1977,Hosea 11:1,,,,
1978,Hosea 11:1-11,,,,
1979,Hosea 11:8-9,,,,
1980,Hosea 14:1-9,,,,
1981,Hosea 14:4,,,,
1982,Hosea 14:4,,,,
1983,Hosea 14:5-6,,,,
1984,"Joel 1:4, 1:6-7",,,,
1985,"Joel 1:10-12, 1:17-20",,,,
1986,"Joel 2:1-2, 2:10-11",,,,
1987,Joel 2:3-9,,,,
1988,Joel 2:12-14,,,,
1989,Joel 2:20,,,,
1990,Joel 2:25,,,,
1991,Joel 2:23,,,,
1992,"Joel 2:24, 2:26",,,,
1993,Joel 2:28-29,,,,
1994,Joel 2:30-31,,,,
1995,"Joel 3:2, 3:12",,,,
1996,Joel 3:15,,,,
1997,Joel 3:16,,,,
1998,Joel 3:17,,,,
1999,Joel 3:18,,,,
2000,Joel 3:18,,,,
2001,Joel 3:19,,,,
2002,Joel 3:21,,,,
2003,Amos 1:1,,,,
2004,Amos 1:3-5,,,,
2005,Amos 1:6-8,,,,
2006,Amos 1:9-10,,,,
2007,Amos 1:11-12,,,,
2008,Amos 1:13-15,,,,
2009,Amos 2:1-3,,,,
2010,Amos 2:4-5,,,,
2011,Amos 2:6-16,,,,
2012,Amos 3:1-2,,,,
2013,Amos 3:3-8,,,,
2014,Amos 3:9-15,,,,
2015,Amos 4:1-3,,,,
2016,Amos 4:6-11,,,,
2017,Amos 4:12-13,,,,
2018,Amos 4:13,,,,
2019,Amos 5:1-3,,,,
2020,Amos 5:4-6,,,,
2021,Amos 5:8-9,,,,
2022,Amos 5:21-24,,,,
2023,Amos 7:1-3,,,,
2024,Amos 7:4-6,,,,
2025,Amos 7:7-9,,,,
2026,Amos 7:9,,,,
2027,Amos 7:14-17,,,,
2028,Amos 8:1-3,,,,
2029,Amos 8:11-12,,,,
2030,Amos 9:1-4,,,,
2031,Amos 9:2-4,,,,
2032,Amos 9:5-6,,,,
2033,Amos 9:9,,,,
2034,Amos 9:11-12,,,,
2035,Amos 9:13,,,,
2036,Amos 9:14-15,,,,
2037,Obadiah 1:1,,,,
2038,Obadiah 1:1,,,,
2039,Obadiah 1:2-4,,,,
2040,Obadiah 1:5-6,,,,
2041,Obadiah 1:8,,,,
2042,Obadiah 1:10-14,,,,
2043,Obadiah 1:15,,,,
2044,Obadiah 1:17,,,,
2045,Obadiah 1:18,,,,
2046,Obadiah 1:19-20,,,,
2047,Obadiah 1:21,,,,
2048,Jonah 1:1-2,,,,
2049,Jonah 1:4,,,,
2050,Jonah 1:7,,,,
2051,Jonah 1:17,,,,
2052,Jonah 1:17,,,,
2053,Jonah 2:10,,,,
2054,Jonah 3:1-2,,,,
2055,Jonah 3:4-5,,,,
2056,Jonah 3:10,,,,
2057,Jonah 4:6,,,,
2058,Jonah 4:7,,,,
2059,Jonah 4:8,,,,
2060,Jonah 4:9-11,,,,
2061,Micah 1:2,,,,
2062,Micah 1:3-4,,,,
2063,Micah 1:4,,,,
2064,Micah 1:6-7,,,,
2065,Micah 2:1-3,,,,
2066,Micah 2:12,,,,
2067,Micah 2:13,,,,
2068,Micah 3:1-4,,,,
2069,Micah 3:4,,,,
2070,Micah 3:8,,,,
2071,Micah 3:12,,,,
2072,Micah 4:1-2,,,,
2073,Micah 4:2,,,,
2074,Micah 4:3,,,,
2075,Micah 4:3,,,,
2076,Micah 4:6-7,,,,
2077,Micah 4:7,,,,
2078,Micah 5:2,,,,
2079,Micah 5:2,,,,
2080,Micah 5:4,,,,
2081,Micah 5:4,,,,
2082,Micah 5:12,,,,
2083,Micah 5:15,,,,
2084,Micah 6:1-2,,,,
2085,Micah 6:4,,,,
2086,Micah 6:5,,,,
2087,Micah 6:8,,,,
2088,Micah 6:13,,,,
2089,Micah 7:10,,,,
2090,Micah 7:15,,,,
2091,Micah 7:16,,,,
2092,Micah 7:17,,,,
2093,Micah 7:18,,,,
2094,Micah 7:19,,,,
2095,Micah 7:20,,,,
2096,Nahum 1:2,,,,
2097,Nahum 1:5,,,,
2098,Nahum 1:7,,,,
2099,Nahum 1:8,,,,
2100,Nahum 1:13,,,,
2101,Nahum 1:14,,,,
2102,Nahum 1:15,,,,
2103,Nahum 2:2,,,,
2104,Nahum 2:3-10,,,,
2105,Nahum 2:13,,,,
2106,Nahum 3:1,,,,
2107,Nahum 3:2-3,,,,
2108,Nahum 3:8-10,,,,
2109,Nahum 3:12,,,,
2110,Nahum 3:19,,,,
2111,Habakkuk 1:1-4,,,,
2112,Habakkuk 1:5-11,,,,
2113,Habakkuk 1:12-17,,,,
2114,Habakkuk 2:1-3,,,,
2115,Habakkuk 2:4,,,,
2116,Habakkuk 2:5-20,,,,
2117,"Habakkuk 2:14, 20",,,,
2118,Habakkuk 3:1-2,,,,
2119,Habakkuk 3:3-4,,,,
2120,Habakkuk 3:5,,,,
2121,Habakkuk 3:6,,,,
2122,Habakkuk 3:6,,,,
2123,Habakkuk 3:7,,,,
2124,Habakkuk 3:8-9,,,,
2125,Habakkuk 3:9,,,,
2126,Habakkuk 3:10,,,,
2127,Habakkuk 3:10,,,,
2128,Habakkuk 3:11,,,,
2129,Habakkuk 3:11,,,,
2130,Habakkuk 3:12,,,,
2131,Habakkuk 3:13,,,,
2132,Habakkuk 3:13-14,,,,
2133,Habakkuk 3:14,,,,
2134,Habakkuk 3:15,,,,
2135,Habakkuk 3:16,,,,
2136,Habakkuk 3:19,,,,
2137,Zephaniah 1:1,,,,
2138,Zephaniah 1:2-3,,,,
2139,Zephaniah 1:4-6,,,,
2140,Zephaniah 1:7,,,,
2141,Zephaniah 1:7-8,,,,
2142,Zephaniah 1:12,,,,
2143,Zephaniah 1:14-18,,,,
2144,Zephaniah 2:1-3,,,,
2145,Zephaniah 2:4-7,,,,
2146,Zephaniah 2:6,,,,
2147,Zephaniah 2:8-11,,,,
2148,Zephaniah 2:11,,,,
2149,Zephaniah 2:12-15,,,,
2150,Zephaniah 2:13,,,,
2151,Zephaniah 3:1-8,,,,
2152,Zephaniah 3:8,,,,
2153,Zephaniah 3:9,,,,
2154,Zephaniah 3:10,,,,
2155,Zephaniah 3:11-13,,,,
2156,Zephaniah 3:14-17,,,,
2157,Zephaniah 3:17,,,,
2158,Zephaniah 3:18-20,,,,
2159,Zephaniah 3:20,,,,
2160,Haggai 1:1-2,,,,
2161,Haggai 1:3-6,,,,
2162,Haggai 1:7-8,,,,
2163,Haggai 1:9-11,,,,
2164,Haggai 1:14,,,,
2165,Haggai 1:13,,,,
2166,Haggai 2:1-3,,,,
2167,Haggai 2:4-5,,,,
2168,Haggai 2:6-7,,,,
2169,Haggai 2:8,,,,
2170,Haggai 2:9,,,,
2171,Haggai 2:9,,,,
2172,Haggai 2:10-14,,,,
2173,Haggai 2:15-19,,,,
2174,Haggai 2:19,,,,
2175,Haggai 2:20-22,,,,
2176,Haggai 2:23,,,,
2177,Zechariah 1:3,,,,
2178,Zechariah 1:7-17,,,,
2179,Zechariah 1:18-21,,,,
2180,Zechariah 2:1-13,,,,
2181,Zechariah 2:5,,,,
2182,Zechariah 3:1-10,,,,
2183,Zechariah 3:2,,,,
2184,Zechariah 3:9,,,,
2185,Zechariah 4:1-14,,,,
2186,Zechariah 4:6,,,,
2187,Zechariah 4:7,,,,
2188,Zechariah 5:1-4,,,,
2189,Zechariah 5:5-11,,,,
2190,Zechariah 6:1-8,,,,
2191,Zechariah 6:9-15,,,,
2192,Zechariah 7:1-14,,,,
2193,Zechariah 8:3,,,,
2194,Zechariah 8:4-23,,,,
2195,Zechariah 9:1-8,,,,
2196,Zechariah 9:9-10,,,,
2197,Zechariah 9:11-17,,,,
2198,Zechariah 10:1,,,,
2199,Zechariah 10:8-12,,,,
2200,Zechariah 11:1-17,,,,
2201,Zechariah 12:2-3,,,,
2202,Zechariah 12:9,,,,
2203,Zechariah 12:10,,,,
2204,Zechariah 13:1,,,,
2205,Zechariah 13:2,,,,
2206,Zechariah 13:7,,,,
2207,Zechariah 13:9,,,,
2208,Zechariah 14:1-21,,,,
2209,Zechariah 14:4,,,,
2210,Zechariah 14:12-15,,,,
2211,Zechariah 14:9,,,,
2212,Malachi 1:2-5,,,,
2213,Malachi 1:6-14,,,,
2214,Malachi 2:1-3,,,,
2215,Malachi 2:4-9,,,,
2216,Malachi 2:10-16,,,,
2217,Malachi 3:1,,,,
2218,Malachi 3:1-5,,,,
2219,Malachi 3:6-7,,,,
2220,Malachi 3:8-12,,,,
2221,Malachi 3:10,,,,
2222,Malachi 3:11,,,,
2223,Malachi 3:16-18,,,,
2224,Malachi 4:1-3,,,,
2225,Malachi 4:2,,,,
2226,Malachi 4:4,,,,
2227,Malachi 4:5-6,,,,
2228,Malachi 4:6,,,,
2229,Matthew 1:18-25,,,,
2230,Matthew 1:20-21,,,,
2231,"Matthew 2:1-2, 9-10",,,,
2232,Matthew 2:13,,,,
2233,Matthew 2:19-20,,,,
2234,Matthew 3:17,,,,
2235,Matthew 3:16,,,,
2236,Matthew 4:1-11,,,,
2237,Matthew 8:1-4,,,,
2238,Matthew 8:5-13,,,,
2239,Matthew 8:14-15,,,,
2240,Matthew 8:23-27,,,,
2241,Matthew 8:28-34,,,,
2242,Matthew 9:1-8,,,,
2243,"Matthew 9:18-19, 23-26",,,,
2244,Matthew 9:20-22,,,,
2245,Matthew 9:27-31,,,,
2246,Matthew 9:32-34,,,,
2247,"Matthew 10:1, 8",,,,
2248,Matthew 14:13-21,,,,
2249,Matthew 14:22-33,,,,
2250,Matthew 14:28-31,,,,
2251,Matthew 14:34-36,,,,
2252,Matthew 15:21-28,,,,
2253,Matthew 15:29-31,,,,
2254,Matthew 15:32-39,,,,
2255,Matthew 17:5,,,,
2256,Matthew 17:2,,,,
2257,Matthew 17:3,,,,
2258,Matthew 17:14-21,,,,
2259,Matthew 17:24-27,,,,
2260,Matthew 20:29-34,,,,
2261,Matthew 21:18-22,,,,
2262,Matthew 26:2,,,,
2263,Matthew 26:20-25,,,,
2264,Matthew 26:26-29,,,,
2265,Matthew 26:31-35,,,,
2266,Matthew 26:36-46,,,,
2267,Matthew 27:45,,,,
2268,Matthew 27:51,,,,
2269,Matthew 27:51,,,,
2270,Matthew 27:52-53,,,,
2271,Matthew 27:54,,,,
2272,Matthew 28:2,,,,
2273,Matthew 28:5-7,,,,
2274,Matthew 28:9-10,,,,
2275,Matthew 28:16-20,,,,
2276,Mark 1:11,,,,
2277,Mark 1:10,,,,
2278,Mark 1:12-13,,,,
2279,Mark 1:21-28,,,,
2280,Mark 1:29-31,,,,
2281,Mark 1:32-34,,,,
2282,Mark 1:40-45,,,,
2283,Mark 2:1-12,,,,
2284,Mark 3:1-6,,,,
2285,Mark 3:7-12,,,,
2286,Mark 4:35-41,,,,
2287,Mark 5:1-20,,,,
2288,Mark 5:25-34,,,,
2289,"Mark 5:21-24, 35-43",,,,
2290,Mark 6:1-6,,,,
2291,Mark 6:7,,,,
2292,Mark 6:30-44,,,,
2293,Mark 6:45-52,,,,
2294,Mark 6:53-56,,,,
2295,Mark 7:24-30,,,,
2296,Mark 7:31-37,,,,
2297,Mark 8:1-10,,,,
2298,Mark 8:22-26,,,,
2299,Mark 8:27-30,,,,
2300,Mark 8:31-33,,,,
2301,Mark 9:2-3,,,,
2302,Mark 9:4,,,,
2303,Mark 9:7,,,,
2304,Mark 9:14-29,,,,
2305,Mark 9:30-32,,,,
2306,Mark 10:32-34,,,,
2307,Mark 10:46-52,,,,
2308,"Mark 11:12-14, 20-25",,,,
2309,Mark 13:1-2,,,,
2310,Mark 13:3-37,,,,
2311,Mark 14:17-21,,,,
2312,Mark 14:22-25,,,,
2313,Mark 14:27-31,,,,
2314,Mark 14:32-42,,,,
2315,Mark 14:47,,,,
2316,Mark 15:33,,,,
2317,Mark 15:34,,,,
2318,Mark 15:38,,,,
2319,Mark 15:39,,,,
2320,Mark 16:4,,,,
2321,Mark 16:6,,,,
2322,Mark 16:9,,,,
2323,Mark 16:12,,,,
2324,Mark 16:14-18,,,,
2325,Mark 16:19,,,,
2326,Mark 16:20,,,,
2327,Luke 1:11-20,,,,
2328,Luke 1:20,,,,
2329,Luke 1:26-38,,,,
2330,"Luke 1:31, 35",,,,
2331,Luke 1:41,,,,
2332,Luke 1:41-45,,,,
2333,Luke 1:46-55,,,,
2334,Luke 1:64,,,,
2335,Luke 1:67-79,,,,
2336,Luke 2:8-14,,,,
2337,Luke 2:13-14,,,,
2338,Luke 2:25-35,,,,
2339,Luke 2:36-38,,,,
2340,Luke 3:22,,,,
2341,Luke 3:22,,,,
2342,Luke 4:1,,,,
2343,Luke 4:2-13,,,,
2344,Luke 4:16-21,,,,
2345,Luke 4:28-30,,,,
2346,Luke 4:31-37,,,,
2347,Luke 4:38-39,,,,
2348,Luke 4:40-41,,,,
2349,Luke 5:1-11,,,,
2350,Luke 5:12-16,,,,
2351,Luke 5:17-26,,,,
2352,Luke 6:6-11,,,,
2353,Luke 7:1-10,,,,
2354,Luke 7:11-17,,,,
2355,Luke 8:22-25,,,,
2356,Luke 8:26-39,,,,
2357,Luke 8:43-48,,,,
2358,"Luke 8:40-42, 49-56",,,,
2359,Luke 9:1-2,,,,
2360,Luke 9:10-17,,,,
2361,Luke 9:29,,,,
2362,Luke 9:30-31,,,,
2363,Luke 9:35,,,,
2364,Luke 9:37-43,,,,
2365,"Luke 10:1, 17-20",,,,
2366,Luke 10:21-22,,,,
2367,Luke 11:14,,,,
2368,Luke 13:10-17,,,,
2369,Luke 14:1-6,,,,
2370,Luke 17:11-19,,,,
2371,Luke 18:35-43,,,,
2372,Luke 19:1-10,,,,
2373,Luke 22:31-34,,,,
2374,Luke 22:43-44,,,,
2375,Luke 22:50-51,,,,
2376,Luke 23:44-45,,,,
2377,Luke 23:45,,,,
2378,Luke 23:47,,,,
2379,Luke 24:5-7,,,,
2380,Luke 24:13-35,,,,
2381,Luke 24:36-49,,,,
2382,Luke 24:50-53,,,,
2383,John 1:1-18,,,,
2384,John 1:32-34,,,,
2385,John 2:1-11,,,,
2386,John 2:19-22,,,,
2387,John 3:1-21,,,,
2388,"John 4:16-19, 25-26",,,,
2389,John 4:46-54,,,,
2390,John 5:1-15,,,,
2391,John 6:1-15,,,,
2392,John 6:16-21,,,,
2393,John 6:35-71,,,,
2394,John 6:64,,,,
2395,John 8:58,,,,
2396,John 8:59,,,,
2397,John 9:1-41,,,,
2398,John 10:11-18,,,,
2399,John 10:39,,,,
2400,"John 11:4, 11-14",,,,
2401,John 11:17-44,,,,
2402,John 12:28-30,,,,
2403,John 12:32-33,,,,
2404,John 13:1-3,,,,
2405,John 13:4-17,,,,
2406,John 13:18-30,,,,
2407,John 13:36-38,,,,
2408,"John 14:16-17, 26",,,,
2409,John 14:8-11,,,,
2410,John 14:13-14,,,,
2411,John 16:7-15,,,,
2412,John 17:1-26,,,,
2413,John 18:4-6,,,,
2414,John 18:10-11,,,,
2415,John 18:37,,,,
2416,John 19:26-27,,,,
2417,John 19:30,,,,
2418,John 19:34,,,,
2419,John 20:1-10,,,,
2420,John 20:11-18,,,,
2421,John 20:19-23,,,,
2422,John 20:24-29,,,,
2423,John 21:1-14,,,,
2424,John 21:18-19,,,,
2425,John 21:22-23,,,,
2426,Acts 1:9-11,,,,
2427,Acts 2:1-4,,,,
2428,Acts 2:4-11,,,,
2429,Acts 3:1-10,,,,
2430,Acts 5:15-16,,,,
2431,Acts 5:17-20,,,,
2432,Acts 5:1-11,,,,
2433,Acts 7:55-56,,,,
2434,Acts 8:39-40,,,,
2435,Acts 8:6-7,,,,
2436,Acts 8:14-19,,,,
2437,Acts 9:3-9,,,,
2438,Acts 9:10-19,,,,
2439,Acts 9:32-35,,,,
2440,Acts 9:36-43,,,,
2441,Acts 10:1-8,,,,
2442,Acts 10:9-16,,,,
2443,Acts 10:44-48,,,,
2444,Acts 12:6-11,,,,
2445,Acts 12:20-23,,,,
2446,Acts 13:2-4,,,,
2447,Acts 13:8-12,,,,
2448,Acts 14:8-10,,,,
2449,Acts 14:11-18,,,,
2450,Acts 16:9-10,,,,
2451,Acts 16:16-18,,,,
2452,Acts 16:25-34,,,,
2453,Acts 19:11-12,,,,
2454,Acts 19:13-16,,,,
2455,Acts 20:7-12,,,,
2456,Acts 21:10-11,,,,
2457,Acts 22:17-21,,,,
2458,Acts 23:11,,,,
2459,Acts 27:23-24,,,,
2460,Acts 28:3-6,,,,
2461,Acts 28:7-9,,,,
2462,Romans 1:18,,,,
2463,"Romans 1:24, 26, 28",,,,
2464,Romans 1:20,,,,
2465,"Romans 4:3, 16-22",,,,
2466,Romans 4:17,,,,
2467,Romans 4:19-21,,,,
2468,Romans 5:5,,,,
2469,Romans 6:3-4,,,,
2470,"Romans 6:7, 11",,,,
2471,Romans 8:26-27,,,,
2472,Romans 8:29-30,,,,
2473,Romans 8:28,,,,
2474,"Romans 9:15-16, 18",,,,
2475,Romans 9:18,,,,
2476,Romans 9:17,,,,
2477,Romans 11:29,,,,
2478,Romans 11:26,,,,
2479,Romans 12:3-8,,,,
2480,Romans 15:18-19,,,,
2481,Romans 15:19,,,,
2482,1 Corinthians 1:1,,,,
2483,1 Corinthians 1:27-29,,,,
2484,1 Corinthians 2:10-16,,,,
2485,1 Corinthians 3:6-7,,,,
2486,1 Corinthians 3:16-17,,,,
2487,1 Corinthians 4:5,,,,
2488,1 Corinthians 5:5,,,,
2489,1 Corinthians 6:19,,,,
2490,1 Corinthians 7:15,,,,
2491,1 Corinthians 8:6,,,,
2492,"1 Corinthians 9:1-2, 17",,,,
2493,1 Corinthians 10:13,,,,
2494,1 Corinthians 12:4-11,,,,
2495,1 Corinthians 12:8,,,,
2496,1 Corinthians 12:8,,,,
2497,1 Corinthians 12:9,,,,
2498,1 Corinthians 12:9,,,,
2499,1 Corinthians 12:10,,,,
2500,1 Corinthians 12:10,,,,
2501,1 Corinthians 12:10,,,,
2502,1 Corinthians 12:10,,,,
2503,1 Corinthians 12:10,,,,
2504,1 Corinthians 12:12-27,,,,
2505,1 Corinthians 12:28,,,,
2506,1 Corinthians 13:1-13,,,,
2507,1 Corinthians 14:24-25,,,,
2508,1 Corinthians 15:3-8,,,,
2509,1 Corinthians 15:5-6,,,,
2510,1 Corinthians 15:7,,,,
2511,1 Corinthians 15:8,,,,
2512,1 Corinthians 15:12-58,,,,
2513,"1 Corinthians 15:42-44, 51-52",,,,
2514,1 Corinthians 15:51-52,,,,
2515,1 Corinthians 15:54-57,,,,
2516,1 Corinthians 11:23-26,,,,
2517,1 Corinthians 11:29-32,,,,
2518,2 Corinthians 1:3-4,,,,
2519,2 Corinthians 1:8-10,,,,
2520,2 Corinthians 2:14,,,,
2521,2 Corinthians 3:5-6,,,,
2522,2 Corinthians 3:18,,,,
2523,2 Corinthians 4:6,,,,
2524,2 Corinthians 4:7,,,,
2525,2 Corinthians 4:14,,,,
2526,2 Corinthians 5:1,,,,
2527,2 Corinthians 5:18-19,,,,
2528,2 Corinthians 5:21,,,,
2529,2 Corinthians 2:12,,,,
2530,2 Corinthians 12:12,,,,
2531,2 Corinthians 12:1,,,,
2532,2 Corinthians 12:2-4,,,,
2533,2 Corinthians 12:4,,,,
2534,2 Corinthians 12:9,,,,
2535,2 Corinthians 13:3,,,,
2536,2 Corinthians 12:9,,,,
2537,2 Corinthians 11:14,,,,
2538,2 Corinthians 2:11,,,,
2539,2 Corinthians 3:18,,,,
2540,2 Corinthians 9:10,,,,
2541,Galatians 1:4,,,,
2542,Galatians 1:11-12,,,,
2543,Galatians 1:15-16,,,,
2544,Galatians 1:15-16,,,,
2545,Galatians 1:17,,,,
2546,Galatians 2:2,,,,
2547,Galatians 2:20,,,,
2548,Galatians 3:1,,,,
2549,"Galatians 3:2, 14",,,,
2550,Galatians 3:5,,,,
2551,Galatians 3:5,,,,
2552,Galatians 3:6-9,,,,
2553,Galatians 3:19,,,,
2554,Galatians 3:16-18,,,,
2555,Galatians 4:5-6,,,,
2556,Galatians 4:4,,,,
2557,Galatians 4:6,,,,
2558,Galatians 4:13-14,,,,
2559,Galatians 4:14,,,,
2560,Galatians 4:21-31,,,,
2561,Galatians 6:15,,,,
2562,Ephesians 1:4,,,,
2563,Ephesians 1:5,,,,
2564,Ephesians 1:3,,,,
2565,Ephesians 1:7-8,,,,
2566,Ephesians 1:9,,,,
2567,Ephesians 1:13,,,,
2568,Ephesians 1:19,,,,
2569,Ephesians 1:20,,,,
2570,"Ephesians 2:1, 5",,,,
2571,Ephesians 2:6,,,,
2572,Ephesians 2:10,,,,
2573,Ephesians 2:14,,,,
2574,Ephesians 3:3,,,,
2575,Ephesians 3:10,,,,
2576,Ephesians 3:20,,,,
2577,Ephesians 4:11,,,,
2578,Ephesians 4:24,,,,
2579,Ephesians 4:30,,,,
2580,Ephesians 3:19,,,,
2581,Ephesians 3:19,,,,
2582,Ephesians 3:20,,,,
2583,Ephesians 6:12,,,,
2584,"Ephesians 6:11, 13-17",,,,
2585,Philippians 1:6,,,,
2586,Philippians 1:12-14,,,,
2587,Philippians 1:13-14,,,,
2588,Philippians 2:6-11,,,,
2589,Philippians 2:13,,,,
2590,Philippians 3:14,,,,
2591,Philippians 3:20-21,,,,
2592,Philippians 4:19,,,,
2593,Colossians 1:9,,,,
2594,Colossians 1:13,,,,
2595,Colossians 1:13,,,,
2596,Colossians 1:14,,,,
2597,Colossians 1:16,,,,
2598,Colossians 1:17,,,,
2599,Colossians 1:20,,,,
2600,Colossians 1:22,,,,
2601,Colossians 1:26-27,,,,
2602,Colossians 1:27,,,,
2603,Colossians 1:29,,,,
2604,Colossians 2:3,,,,
2605,Colossians 2:11,,,,
2606,Colossians 2:12,,,,
2607,Colossians 2:13,,,,
2608,Colossians 2:13,,,,
2609,Colossians 2:14,,,,
2610,Colossians 2:15,,,,
2611,Colossians 2:15,,,,
2612,Colossians 3:15,,,,
2613,Colossians 3:16,,,,
2614,Colossians 3:4,,,,
2615,Colossians 3:4,,,,
2616,Colossians 4:11,,,,
2617,1 Thessalonians 1:4,,,,
2618,1 Thessalonians 1:5,,,,
2619,1 Thessalonians 1:6,,,,
2620,1 Thessalonians 1:7-8,,,,
2621,1 Thessalonians 1:9,,,,
2622,1 Thessalonians 4:2,,,,
2623,1 Thessalonians 4:3,,,,
2624,1 Thessalonians 4:7,,,,
2625,1 Thessalonians 4:8,,,,
2626,1 Thessalonians 4:15-17,,,,
2627,1 Thessalonians 4:16,,,,
2628,1 Thessalonians 4:16,,,,
2629,1 Thessalonians 4:16,,,,
2630,1 Thessalonians 4:16,,,,
2631,1 Thessalonians 4:17,,,,
2632,1 Thessalonians 5:2,,,,
2633,1 Thessalonians 5:3,,,,
2634,1 Thessalonians 5:9,,,,
2635,1 Thessalonians 5:23,,,,
2636,1 Thessalonians 5:23,,,,
2637,1 Thessalonians 5:24,,,,
2638,2 Thessalonians 1:1-2,,,,
2639,2 Thessalonians 1:5-10,,,,
2640,2 Thessalonians 1:7-8,,,,
2641,2 Thessalonians 1:10,,,,
2642,2 Thessalonians 1:11-12,,,,
2643,2 Thessalonians 2:1-4,,,,
2644,2 Thessalonians 2:6-7,,,,
2645,2 Thessalonians 2:8,,,,
2646,2 Thessalonians 2:9,,,,
2647,2 Thessalonians 2:11-12,,,,
2648,2 Thessalonians 2:13-14,,,,
2649,2 Thessalonians 2:14,,,,
2650,2 Thessalonians 2:16-17,,,,
2651,2 Thessalonians 3:1,,,,
2652,2 Thessalonians 3:2-3,,,,
2653,2 Thessalonians 3:3,,,,
2654,2 Thessalonians 3:5,,,,
2655,2 Thessalonians 3:17,,,,
2656,2 Thessalonians 3:18,,,,
2657,1 Timothy 1:1,,,,
2658,1 Timothy 1:15,,,,
2659,1 Timothy 1:13-16,,,,
2660,1 Timothy 1:18,,,,
2661,1 Timothy 2:4,,,,
2662,1 Timothy 2:5,,,,
2663,1 Timothy 2:6,,,,
2664,1 Timothy 2:7,,,,
2665,1 Timothy 3:16,,,,
2666,1 Timothy 4:1,,,,
2667,1 Timothy 4:14,,,,
2668,1 Timothy 4:10,,,,
2669,1 Timothy 6:14,,,,
2670,1 Timothy 6:13,,,,
2671,1 Timothy 6:15-16,,,,
2672,2 Timothy 1:1,,,,
2673,2 Timothy 1:6,,,,
2674,2 Timothy 1:7,,,,
2675,2 Timothy 1:10,,,,
2676,2 Timothy 1:12,,,,
2677,2 Timothy 1:16-18,,,,
2678,2 Timothy 2:9,,,,
2679,2 Timothy 2:12,,,,
2680,2 Timothy 2:19,,,,
2681,2 Timothy 3:16,,,,
2682,2 Timothy 3:15,,,,
2683,2 Timothy 4:17,,,,
2684,2 Timothy 4:17,,,,
2685,2 Timothy 4:18,,,,
2686,2 Timothy 4:18,,,,
2687,Titus 2:11,,,,
2688,Titus 3:5,,,,
2689,Titus 3:6,,,,
2690,Titus 1:2,,,,
2691,Titus 1:3,,,,
2692,Titus 2:13,,,,
2693,Titus 2:14,,,,
2694,Titus 3:5,,,,
2695,Titus 3:7,,,,
2696,Philemon 1:1,,,,
2697,Philemon 1:3,,,,
2698,Philemon 1:10,,,,
2699,Philemon 1:10,,,,
2700,Philemon 1:15,,,,
2701,Philemon 1:21,,,,
2702,Philemon 1:25,,,,
2703,Hebrews 1:1-2,,,,
2704,Hebrews 1:2-3,,,,
2705,Hebrews 1:3,,,,
2706,Hebrews 1:3,,,,
2707,Hebrews 1:6,,,,
2708,Hebrews 2:4,,,,
2709,Hebrews 2:4,,,,
2710,Hebrews 2:14-15,,,,
2711,Hebrews 2:17,,,,
2712,Hebrews 2:18,,,,
2713,Hebrews 4:4,,,,
2714,Hebrews 4:3,,,,
2715,Hebrews 4:14,,,,
2716,Hebrews 7:21,,,,
2717,Hebrews 7:25,,,,
2718,Hebrews 7:25,,,,
2719,Hebrews 8:6-13,,,,
2720,Hebrews 9:12,,,,
2721,Hebrews 9:14,,,,
2722,Hebrews 9:24,,,,
2723,Hebrews 9:26,,,,
2724,Hebrews 9:28,,,,
2725,Hebrews 10:5,,,,
2726,"Hebrews 10:10, 14",,,,
2727,Hebrews 10:12-13,,,,
2728,Hebrews 11:11,,,,
2729,Hebrews 11:12,,,,
2730,Hebrews 11:17-19,,,,
2731,Hebrews 11:23,,,,
2732,Hebrews 11:24-26,,,,
2733,Hebrews 11:28,,,,
2734,Hebrews 11:29,,,,
2735,Hebrews 11:30,,,,
2736,Hebrews 11:31,,,,
2737,Hebrews 11:32-35a,,,,
2738,Hebrews 11:35b-38,,,,
2739,Hebrews 12:5-11,,,,
2740,Hebrews 12:25-29,,,,
2741,Hebrews 12:24,,,,
2742,Hebrews 13:8,,,,
2743,Hebrews 13:20,,,,
2744,Hebrews 13:21,,,,
2745,James 1:5-6,,,,
2746,James 1:13,,,,
2747,James 1:17,,,,
2748,James 2:5,,,,
2749,James 2:23,,,,
2750,James 2:25,,,,
2751,James 4:6,,,,
2752,James 4:8,,,,
2753,James 4:10,,,,
2754,James 5:17,,,,
2755,James 5:18,,,,
2756,James 5:14-15,,,,
2757,James 5:15,,,,
2758,James 5:15,,,,
2759,James 5:16,,,,
2760,1 Peter 1:2,,,,
2761,1 Peter 1:3,,,,
2762,1 Peter 1:3,,,,
2763,1 Peter 1:4,,,,
2764,1 Peter 1:5,,,,
2765,1 Peter 1:10-12,,,,
2766,1 Peter 1:11,,,,
2767,1 Peter 1:12,,,,
2768,1 Peter 2:9,,,,
2769,1 Peter 2:24,,,,
2770,1 Peter 2:24,,,,
2771,1 Peter 3:19,,,,
2772,1 Peter 3:21-22,,,,
2773,1 Peter 3:22,,,,
2774,1 Peter 4:5,,,,
2775,1 Peter 4:6,,,,
2776,1 Peter 4:13,,,,
2777,1 Peter 4:14,,,,
2778,1 Peter 5:5,,,,
2779,1 Peter 5:6,,,,
2780,1 Peter 5:7,,,,
2781,1 Peter 5:10,,,,
2782,2 Peter 1:3,,,,
2783,2 Peter 1:3,,,,
2784,2 Peter 1:4,,,,
2785,2 Peter 1:16-18,,,,
2786,2 Peter 1:17,,,,
2787,2 Peter 1:21,,,,
2788,2 Peter 2:4,,,,
2789,2 Peter 2:5,,,,
2790,2 Peter 2:6,,,,
2791,2 Peter 2:7-8,,,,
2792,2 Peter 2:9,,,,
2793,2 Peter 2:9,,,,
2794,2 Peter 2:11,,,,
2795,2 Peter 3:7,,,,
2796,2 Peter 3:10,,,,
2797,"2 Peter 3:10, 12",,,,
2798,2 Peter 3:13,,,,
2799,2 Peter 3:9,,,,
2800,1 John 1:1-3,,,,
2801,1 John 1:5,,,,
2802,1 John 1:7,,,,
2803,1 John 2:1,,,,
2804,1 John 2:2,,,,
2805,1 John 2:20,,,,
2806,1 John 2:27,,,,
2807,1 John 2:25,,,,
2808,1 John 3:2,,,,
2809,1 John 3:5,,,,
2810,1 John 3:8,,,,
2811,1 John 3:9,,,,
2812,1 John 4:9,,,,
2813,1 John 4:10,,,,
2814,1 John 4:13,,,,
2815,1 John 4:14,,,,
2816,1 John 4:17,,,,
2817,1 John 5:11,,,,
2818,1 John 5:18,,,,
2819,1 John 5:20,,,,
2820,1 John 5:20,,,,
2821,3 John 1:2,,,,
2822,3 John 1:3-4,,,,
2823,3 John 1:6,,,,
2824,3 John 1:11,,,,
2825,3 John 1:11,,,,
2826,3 John 1:12,,,,
2827,Jude 1:5,,,,
2828,Jude 1:5,,,,
2829,Jude 1:6,,,,
2830,Jude 1:6,,,,
2831,Jude 1:7,,,,
2832,Jude 1:9,,,,
2833,Jude 1:11,,,,
2834,Jude 1:11,,,,
2835,Jude 1:11,,,,
2836,Jude 1:14-15,,,,
2837,Jude 1:24,,,,
2838,Jude 1:24,,,,
2839,Revelation 1:1,,,,
2840,Revelation 1:10,,,,
2841,Revelation 1:10,,,,
2842,Revelation 1:12-16,,,,
2843,Revelation 1:13-16,,,,
2844,Revelation 1:17,,,,
2845,Revelation 1:17,,,,
2846,Revelation 2:1-3:22,,,,
2847,Revelation 4:1-2,,,,
2848,Revelation 4:2-11,,,,
2849,"Revelation 4:4, 10-11",,,,
2850,Revelation 4:6-9,,,,
2851,Revelation 5:1-7,,,,
2852,Revelation 6:1-8:1,,,,
2853,Revelation 6:1-2,,,,
2854,Revelation 6:3-4,,,,
2855,Revelation 6:5-6,,,,
2856,Revelation 6:7-8,,,,
2857,Revelation 6:9-11,,,,
2858,Revelation 6:12-17,,,,
2859,Revelation 7:1-8,,,,
2860,Revelation 7:9-17,,,,
2861,Revelation 8:1,,,,
2862,Revelation 8:3-4,,,,
2863,Revelation 8:5,,,,
2864,Revelation 8:6,,,,
2865,Revelation 8:7,,,,
2866,Revelation 8:8-9,,,,
2867,Revelation 8:10-11,,,,
2868,Revelation 8:12,,,,
2869,Revelation 8:13,,,,
2870,Revelation 9:1-12,,,,
2871,Revelation 9:13-21,,,,
2872,Revelation 10:1-4,,,,
2873,Revelation 10:3-4,,,,
2874,Revelation 10:5-6,,,,
2875,Revelation 10:8-11,,,,
2876,Revelation 11:3-12,,,,
2877,Revelation 11:7-12,,,,
2878,Revelation 11:13,,,,
2879,Revelation 11:15-19,,,,
2880,Revelation 11:19,,,,
2881,Revelation 12:1-2,,,,
2882,Revelation 12:3-4,,,,
2883,Revelation 12:7-9,,,,
2884,Revelation 12:9-12,,,,
2885,Revelation 13:1-10,,,,
2886,Revelation 13:11-18,,,,
2887,Revelation 14:1-5,,,,
2888,Revelation 14:6-7,,,,
2889,Revelation 14:8-11,,,,
2890,Revelation 14:13,,,,
2891,Revelation 14:14-16,,,,
2892,Revelation 14:17-20,,,,
2893,Revelation 15:1-8,,,,
2894,Revelation 16:1-2,,,,
2895,Revelation 16:3,,,,
2896,Revelation 16:4-7,,,,
2897,Revelation 16:8-9,,,,
2898,Revelation 16:10-11,,,,
2899,Revelation 16:12,,,,
2900,Revelation 16:13-14,,,,
2901,Revelation 16:17-21,,,,
2902,Revelation 17:1-18,,,,
2903,Revelation 18:1-3,,,,
2904,Revelation 18:4-5,,,,
2905,Revelation 18:8-19,,,,
2906,Revelation 18:21,,,,
2907,Revelation 19:1-10,,,,
2908,Revelation 19:11-16,,,,
2909,Revelation 19:17-18,,,,
2910,Revelation 19:19-21,,,,
2911,Revelation 20:1-3,,,,
2912,Revelation 20:4-6,,,,
2913,Revelation 20:7-9,,,,
2914,Revelation 20:9,,,,
2915,Revelation 20:10,,,,
2916,Revelation 20:11-15,,,,
2917,Revelation 20:12-13,,,,
2918,Revelation 21:1,,,,
2919,Revelation 21:2-27,,,,
2920,Revelation 21:3-5,,,,
2921,Revelation 22:1,,,,
2922,Revelation 22:2,,,,
2923,Revelation 22:3-5,,,,
2924,Revelation 22:6-9,,,,
2925,"Revelation 22:7, 12, 20",,,,
2926,Revelation 22:17,,,,
